Ay,Ax,B,ux,uy,phi,t
0,-10,-3,0,0,0,9.19999729376286E-06
0,-10,-2,0,0,0,3.49999754689634E-06
0,-10,-1,0,0,0,2.00000067707151E-06
0,-10,0,0,0,0,1.30000989884138E-06
0,-10,1,0,0,0,1.6999983927235E-06
0,-10,2,0,0,0,1.30000989884138E-06
0,-10,3,0,0,0,1.29999534692615E-06
0.5,-10,-3,-0.000227687646753327,0.0202431697738159,0,0.00015029999485705
0.5,-10,-2,-0.000227687646753327,0.0202431697738159,0,8.45000031404197E-05
0.5,-10,-1,-0.000227687646753327,0.0202431697738159,0,7.98999972175807E-05
0.5,-10,0,-0.000227687646753327,0.0202431697738159,0,7.85000011092052E-05
0.5,-10,1,-0.000227687646753327,0.0202431697738159,0,7.79999973019585E-05
0.5,-10,2,-0.000227687646753327,0.0202431697738159,0,7.77999957790598E-05
0.5,-10,3,-0.000227687646753327,0.0202431697738159,0,8.30000062705949E-05
1,-10,-3,-0.000909256542949444,0.0404454574686463,0,8.09000048320741E-05
1,-10,-2,-0.000909256542949444,0.0404454574686463,0,9.0199988335371E-05
1,-10,-1,-0.000909256542949444,0.0404454574686463,0,9.12000105017796E-05
1,-10,0,-0.000909256542949444,0.0404454574686463,0,7.34000059310347E-05
1,-10,1,-0.000909256542949444,0.0404454574686463,0,7.0100009907037E-05
1,-10,2,-0.000909256542949444,0.0404454574686463,0,6.97999930707738E-05
1,-10,3,-0.000909256542949444,0.0404454574686463,0,6.9200003053993E-05
2,-10,-3,-0.00361337000519957,0.0805668018886488,0,7.1699992986396E-05
2,-10,-2,-0.00361337000519957,0.0805668018886488,0,7.03999976394698E-05
2,-10,-1,-0.00361337000519957,0.0805668018886488,0,6.90999877406284E-05
2,-10,0,-0.00361337000519957,0.0805668018886488,0,6.93999900249764E-05
2,-10,1,-0.00361337000519957,0.0805668018886488,0,6.90000015310943E-05
2,-10,2,-0.00361337000519957,0.0805668018886488,0,6.92999892635271E-05
2,-10,3,-0.00361337000519957,0.0805668018886488,0,6.84000115143135E-05
3,-10,-3,-0.00804330662212892,0.120055225369055,0,6.94000045768917E-05
3,-10,-2,-0.00804330662212892,0.120055225369055,0,6.8299996200949E-05
3,-10,-1,-0.00804330662212892,0.120055225369055,0,6.81999954394996E-05
3,-10,0,-0.00804330662212892,0.120055225369055,0,6.8900000769645E-05
3,-10,1,-0.00804330662212892,0.120055225369055,0,6.77999923937023E-05
3,-10,2,-0.00804330662212892,0.120055225369055,0,6.8599998485297E-05
3,-10,3,-0.00804330662212892,0.120055225369055,0,6.84999977238476E-05
4,-10,-3,-0.0140901338110262,0.158630731540375,0,6.84000115143135E-05
4,-10,-2,-0.0140901338110262,0.158630731540375,0,6.81999954394996E-05
4,-10,-1,-0.0140901338110262,0.158630731540375,0,6.83000107528642E-05
4,-10,0,-0.0140901338110262,0.158630731540375,0,6.88000000081956E-05
4,-10,1,-0.0140901338110262,0.158630731540375,0,6.81999954394996E-05
4,-10,2,-0.0140901338110262,0.158630731540375,0,6.79999939166009E-05
4,-10,3,-0.0140901338110262,0.158630731540375,0,6.80000084685162E-05
5,-10,-3,-0.0216131582722817,0.196052432475612,0,7.27000006008893E-05
5,-10,-2,-0.0216131582722817,0.196052432475612,0,7.28000013623387E-05
5,-10,-1,-0.0216131582722817,0.196052432475612,0,8.38999985717237E-05
5,-10,0,-0.0216131582722817,0.196052432475612,0,7.44999997550622E-05
5,-10,1,-0.0216131582722817,0.196052432475612,0,7.32999906176701E-05
5,-10,2,-0.0216131582722817,0.196052432475612,0,7.34999921405688E-05
5,-10,3,-0.0216131582722817,0.196052432475612,0,7.41999974707142E-05
6,-10,-3,-0.0304495159559137,0.232124870917994,0,7.55999935790896E-05
6,-10,-2,-0.0304495159559137,0.232124870917994,0,7.43000127840787E-05
6,-10,-1,-0.0304495159559137,0.232124870917994,0,7.38999951863661E-05
6,-10,0,-0.0304495159559137,0.232124870917994,0,7.33000051695854E-05
6,-10,1,-0.0304495159559137,0.232124870917994,0,7.3200004408136E-05
6,-10,2,-0.0304495159559137,0.232124870917994,0,7.38999951863661E-05
6,-10,3,-0.0304495159559137,0.232124870917994,0,7.2900002123788E-05
7,-10,-3,-0.0404239725987347,0.266700305806085,0,7.28999875718728E-05
7,-10,-2,-0.0404239725987347,0.266700305806085,0,7.29999883333221E-05
7,-10,-1,-0.0404239725987347,0.266700305806085,0,7.30999890947714E-05
7,-10,0,-0.0404239725987347,0.266700305806085,0,7.2900002123788E-05
7,-10,1,-0.0404239725987347,0.266700305806085,0,7.31999898562208E-05
7,-10,2,-0.0404239725987347,0.266700305806085,0,7.31999898562208E-05
7,-10,3,-0.0404239725987347,0.266700305806085,0,7.33999913791195E-05
8,-10,-3,-0.0513579027045786,0.299677477795761,0,7.29999883333221E-05
8,-10,-2,-0.0513579027045786,0.299677477795761,0,7.31999898562208E-05
8,-10,-1,-0.0513579027045786,0.299677477795761,0,7.3500006692484E-05
8,-10,0,-0.0513579027045786,0.299677477795761,0,7.34000059310347E-05
8,-10,1,-0.0513579027045786,0.299677477795761,0,7.27000006008893E-05
8,-10,2,-0.0513579027045786,0.299677477795761,0,7.23999983165413E-05
8,-10,3,-0.0513579027045786,0.299677477795761,0,7.31000036466867E-05
9,-10,-3,-0.0630767607860293,0.330997721538374,0,7.28999875718728E-05
9,-10,-2,-0.0630767607860293,0.330997721538374,0,9.33000119403005E-05
9,-10,-1,-0.0630767607860293,0.330997721538374,0,8.46999901114032E-05
9,-10,0,-0.0630767607860293,0.330997721538374,0,8.31999932415783E-05
9,-10,1,-0.0630767607860293,0.330997721538374,0,8.44000023789704E-05
9,-10,2,-0.0630767607860293,0.330997721538374,0,8.31000070320442E-05
9,-10,3,-0.0630767607860293,0.330997721538374,0,7.46000005165115E-05
10,-10,-3,-0.0754157272865636,0.360639400500907,0,7.33000051695854E-05
10,-10,-2,-0.0754157272865636,0.360639400500907,0,7.28000013623387E-05
10,-10,-1,-0.0754157272865636,0.360639400500907,0,7.30000028852373E-05
10,-10,0,-0.0754157272865636,0.360639400500907,0,7.2900002123788E-05
10,-10,1,-0.0754157272865636,0.360639400500907,0,7.3200004408136E-05
10,-10,2,-0.0754157272865636,0.360639400500907,0,7.2900002123788E-05
10,-10,3,-0.0754157272865636,0.360639400500907,0,7.27999868104234E-05
12,-10,-3,-0.101364567514384,0.414947521957311,0,7.76999950176105E-05
12,-10,-2,-0.101364567514384,0.414947521957311,0,7.78000103309751E-05
12,-10,-1,-0.101364567514384,0.414947521957311,0,7.71000050008297E-05
12,-10,0,-0.101364567514384,0.414947521957311,0,7.77999957790598E-05
12,-10,1,-0.101364567514384,0.414947521957311,0,7.80999980634078E-05
12,-10,2,-0.101364567514384,0.414947521957311,0,7.77999957790598E-05
12,-10,3,-0.101364567514384,0.414947521957311,0,7.81999988248572E-05
14,-10,-3,-0.128186798585373,0.46293021301499,0,0.000165599994943477
14,-10,-2,-0.128186798585373,0.46293021301499,0,7.86000018706545E-05
14,-10,-1,-0.128186798585373,0.46293021301499,0,7.79999973019585E-05
14,-10,0,-0.128186798585373,0.46293021301499,0,7.74000072851777E-05
14,-10,1,-0.128186798585373,0.46293021301499,0,8.55999969644472E-05
14,-10,2,-0.128186798585373,0.46293021301499,0,7.73000065237284E-05
14,-10,3,-0.128186798585373,0.46293021301499,0,7.65000004321337E-05
16,-10,-3,-0.155121912574022,0.505130314743252,0,7.70000042393804E-05
16,-10,-2,-0.155121912574022,0.505130314743252,0,7.68000027164817E-05
16,-10,-1,-0.155121912574022,0.505130314743252,0,8.00000125309452E-05
16,-10,0,-0.155121912574022,0.505130314743252,0,7.79999973019585E-05
16,-10,1,-0.155121912574022,0.505130314743252,0,7.71000050008297E-05
16,-10,2,-0.155121912574022,0.505130314743252,0,7.6600001193583E-05
16,-10,3,-0.155121912574022,0.505130314743252,0,7.78999965405092E-05
18,-10,-3,-0.181637075451823,0.542175901930905,0,7.70000042393804E-05
18,-10,-2,-0.181637075451823,0.542175901930905,0,7.67000019550324E-05
18,-10,-1,-0.181637075451823,0.542175901930905,0,7.75999942561612E-05
18,-10,0,-0.181637075451823,0.542175901930905,0,7.71000050008297E-05
18,-10,1,-0.181637075451823,0.542175901930905,0,7.77999957790598E-05
18,-10,2,-0.181637075451823,0.542175901930905,0,7.65000004321337E-05
18,-10,3,-0.181637075451823,0.542175901930905,0,9.29000088945031E-05
20,-10,-3,-0.207381220437954,0.574699248475219,0,8.83000029716641E-05
20,-10,-2,-0.207381220437954,0.574699248475219,0,8.99000006029382E-05
20,-10,-1,-0.207381220437954,0.574699248475219,0,9.11999959498644E-05
20,-10,0,-0.207381220437954,0.574699248475219,0,8.89000075403601E-05
20,-10,1,-0.207381220437954,0.574699248475219,0,9.02000028872863E-05
20,-10,2,-0.207381220437954,0.574699248475219,0,9.00000013643876E-05
20,-10,3,-0.207381220437954,0.574699248475219,0,8.99000006029382E-05
0,-5,-3,0,0,0,2.5000044843182E-06
0,-5,-2,0,0,0,1.59999763127416E-06
0,-5,-1,0,0,0,7.99998815637082E-06
0,-5,0,0,0,0,1.49999686982483E-06
0,-5,1,0,0,0,1.20000913739204E-06
0,-5,2,0,0,0,1.20000913739204E-06
0,-5,3,0,0,0,1.19999458547682E-06
0.5,-5,-3,-0.000227687646753327,0.0202431697738159,0,8.04000010248274E-05
0.5,-5,-2,-0.000227687646753327,0.0202431697738159,0,7.82999995863065E-05
0.5,-5,-1,-0.000227687646753327,0.0202431697738159,0,7.80999980634078E-05
0.5,-5,0,-0.000227687646753327,0.0202431697738159,0,7.88999896030873E-05
0.5,-5,1,-0.000227687646753327,0.0202431697738159,0,7.85999873187393E-05
0.5,-5,2,-0.000227687646753327,0.0202431697738159,0,6.9800007622689E-05
0.5,-5,3,-0.000227687646753327,0.0202431697738159,0,6.8599998485297E-05
1,-5,-3,-0.000909256542949444,0.0404454574686463,0,6.8900000769645E-05
1,-5,-2,-0.000909256542949444,0.0404454574686463,0,6.76999916322529E-05
1,-5,-1,-0.000909256542949444,0.0404454574686463,0,6.77000061841682E-05
1,-5,0,-0.000909256542949444,0.0404454574686463,0,6.81000092299655E-05
1,-5,1,-0.000909256542949444,0.0404454574686463,0,6.75000046612695E-05
1,-5,2,-0.000909256542949444,0.0404454574686463,0,6.76000054227188E-05
1,-5,3,-0.000909256542949444,0.0404454574686463,0,6.74999901093543E-05
2,-5,-3,-0.00361337000519957,0.0805668018886488,0,6.81999954394996E-05
2,-5,-2,-0.00361337000519957,0.0805668018886488,0,0.000146400008816272
2,-5,-1,-0.00361337000519957,0.0805668018886488,0,0.000188499994692393
2,-5,0,-0.00361337000519957,0.0805668018886488,0,0.000551300006918609
2,-5,1,-0.00361337000519957,0.0805668018886488,0,0.000101700003142469
2,-5,2,-0.00361337000519957,0.0805668018886488,0,9.26000066101551E-05
2,-5,3,-0.00361337000519957,0.0805668018886488,0,9.52999980654568E-05
3,-5,-3,-0.00804330662212892,0.120055225369055,0,8.69999930728227E-05
3,-5,-2,-0.00804330662212892,0.120055225369055,0,0.000134200003230944
3,-5,-1,-0.00804330662212892,0.120055225369055,0,0.00010659999679774
3,-5,0,-0.00804330662212892,0.120055225369055,0,0.000124099999084137
3,-5,1,-0.00804330662212892,0.120055225369055,0,0.000105899991467595
3,-5,2,-0.00804330662212892,0.120055225369055,0,0.000102400008472614
3,-5,3,-0.00804330662212892,0.120055225369055,0,0.000143100012792274
4,-5,-3,-0.0140901338110262,0.158630731540375,0,0.000102200006949715
4,-5,-2,-0.0140901338110262,0.158630731540375,0,9.98999894363806E-05
4,-5,-1,-0.0140901338110262,0.158630731540375,0,9.75000002654269E-05
4,-5,0,-0.0140901338110262,0.158630731540375,0,9.54999995883554E-05
4,-5,1,-0.0140901338110262,0.158630731540375,0,9.40000027185306E-05
4,-5,2,-0.0140901338110262,0.158630731540375,0,9.76000010268763E-05
4,-5,3,-0.0140901338110262,0.158630731540375,0,0.000126000013551675
5,-5,-3,-0.0216131582722817,0.196052432475612,0,0.000100999997812323
5,-5,-2,-0.0216131582722817,0.196052432475612,0,0.000105600003735162
5,-5,-1,-0.0216131582722817,0.196052432475612,0,9.70999972196296E-05
5,-5,0,-0.0216131582722817,0.196052432475612,0,0.00010150000161957
5,-5,1,-0.0216131582722817,0.196052432475612,0,0.0001021999923978
5,-5,2,-0.0216131582722817,0.196052432475612,0,0.000100999997812323
5,-5,3,-0.0216131582722817,0.196052432475612,0,9.88000101642683E-05
6,-5,-3,-0.0304495159559137,0.232124870917994,0,0.000103099999250844
6,-5,-2,-0.0304495159559137,0.232124870917994,0,0.000103200000012293
6,-5,-1,-0.0304495159559137,0.232124870917994,0,0.000102200006949715
6,-5,0,-0.0304495159559137,0.232124870917994,0,0.000103500002296641
6,-5,1,-0.0304495159559137,0.232124870917994,0,0.000101700003142469
6,-5,2,-0.0304495159559137,0.232124870917994,0,0.000101199999335222
6,-5,3,-0.0304495159559137,0.232124870917994,0,9.86999948509038E-05
7,-5,-3,-0.0404239725987347,0.266700305806085,0,0.000101600002381019
7,-5,-2,-0.0404239725987347,0.266700305806085,0,0.000102399993920699
7,-5,-1,-0.0404239725987347,0.266700305806085,0,0.00010150000161957
7,-5,0,-0.0404239725987347,0.266700305806085,0,0.000103400001535192
7,-5,1,-0.0404239725987347,0.266700305806085,0,0.000103300000773743
7,-5,2,-0.0404239725987347,0.266700305806085,0,0.000103600003058091
7,-5,3,-0.0404239725987347,0.266700305806085,0,0.00011179999273736
8,-5,-3,-0.0513579027045786,0.299677477795761,0,0.000104500009911135
8,-5,-2,-0.0513579027045786,0.299677477795761,0,0.000103600003058091
8,-5,-1,-0.0513579027045786,0.299677477795761,0,0.000204700001631863
8,-5,0,-0.0513579027045786,0.299677477795761,0,9.03000036487356E-05
8,-5,1,-0.0513579027045786,0.299677477795761,0,8.6799991549924E-05
8,-5,2,-0.0513579027045786,0.299677477795761,0,8.61000007716939E-05
8,-5,3,-0.0513579027045786,0.299677477795761,0,8.57999984873459E-05
9,-5,-3,-0.0630767607860293,0.330997721538374,0,8.56000115163624E-05
9,-5,-2,-0.0630767607860293,0.330997721538374,0,8.52999946800992E-05
9,-5,-1,-0.0630767607860293,0.330997721538374,0,8.48000054247677E-05
9,-5,0,-0.0630767607860293,0.330997721538374,0,8.46000039018691E-05
9,-5,1,-0.0630767607860293,0.330997721538374,0,8.47999908728525E-05
9,-5,2,-0.0630767607860293,0.330997721538374,0,8.53999954415485E-05
9,-5,3,-0.0630767607860293,0.330997721538374,0,8.48000054247677E-05
10,-5,-3,-0.0754157272865636,0.360639400500907,0,8.53999954415485E-05
10,-5,-2,-0.0754157272865636,0.360639400500907,0,8.52000084705651E-05
10,-5,-1,-0.0754157272865636,0.360639400500907,0,8.46999901114032E-05
10,-5,0,-0.0754157272865636,0.360639400500907,0,8.48999916343018E-05
10,-5,1,-0.0754157272865636,0.360639400500907,0,8.47000046633184E-05
10,-5,2,-0.0754157272865636,0.360639400500907,0,8.46000039018691E-05
10,-5,3,-0.0754157272865636,0.360639400500907,0,9.50999965425581E-05
12,-5,-3,-0.101364567514384,0.414947521957311,0,9.18000005185604E-05
12,-5,-2,-0.101364567514384,0.414947521957311,0,9.04000044101849E-05
12,-5,-1,-0.101364567514384,0.414947521957311,0,9.05000051716343E-05
12,-5,0,-0.101364567514384,0.414947521957311,0,9.87999956123531E-05
12,-5,1,-0.101364567514384,0.414947521957311,0,0.000108799998997711
12,-5,2,-0.101364567514384,0.414947521957311,0,0.000109100001282059
12,-5,3,-0.101364567514384,0.414947521957311,0,0.00010739998833742
14,-5,-3,-0.128186798585373,0.46293021301499,0,0.000111500005004928
14,-5,-2,-0.128186798585373,0.46293021301499,0,0.000110499997390434
14,-5,-1,-0.128186798585373,0.46293021301499,0,0.00010659999679774
14,-5,0,-0.128186798585373,0.46293021301499,0,0.000107899992144667
14,-5,1,-0.128186798585373,0.46293021301499,0,0.000109400003566407
14,-5,2,-0.128186798585373,0.46293021301499,0,0.000110699998913333
14,-5,3,-0.128186798585373,0.46293021301499,0,0.000108399995951913
16,-5,-3,-0.155121912574022,0.505130314743252,0,0.000108099993667565
16,-5,-2,-0.155121912574022,0.505130314743252,0,0.000110200009658001
16,-5,-1,-0.155121912574022,0.505130314743252,0,0.000108600012026727
16,-5,0,-0.155121912574022,0.505130314743252,0,0.000109100001282059
16,-5,1,-0.155121912574022,0.505130314743252,0,0.000114900001790375
16,-5,2,-0.155121912574022,0.505130314743252,0,0.000105500002973713
16,-5,3,-0.155121912574022,0.505130314743252,0,0.000106999999843538
18,-5,-3,-0.181637075451823,0.542175901930905,0,0.00010659999679774
18,-5,-2,-0.181637075451823,0.542175901930905,0,0.000108499996713363
18,-5,-1,-0.181637075451823,0.542175901930905,0,0.000107699990621768
18,-5,0,-0.181637075451823,0.542175901930905,0,0.000110499997390434
18,-5,1,-0.181637075451823,0.542175901930905,0,0.000111000001197681
18,-5,2,-0.181637075451823,0.542175901930905,0,0.000107900006696582
18,-5,3,-0.181637075451823,0.542175901930905,0,0.000110700013465248
20,-5,-3,-0.207381220437954,0.574699248475219,0,0.000108000007458031
20,-5,-2,-0.207381220437954,0.574699248475219,0,0.000110599998151883
20,-5,-1,-0.207381220437954,0.574699248475219,0,0.000112900001113303
20,-5,0,-0.207381220437954,0.574699248475219,0,0.000109200002043508
20,-5,1,-0.207381220437954,0.574699248475219,0,0.000108099993667565
20,-5,2,-0.207381220437954,0.574699248475219,0,0.000109600005089305
20,-5,3,-0.207381220437954,0.574699248475219,0,0.000109299988253042
0,-4,-3,0,0,0,3.00000829156488E-06
0,-4,-2,0,0,0,1.59999763127416E-06
0,-4,-1,0,0,0,1.39999610837549E-06
0,-4,0,0,0,0,1.49999686982483E-06
0,-4,1,0,0,0,1.29999534692615E-06
0,-4,2,0,0,0,1.20000913739204E-06
0,-4,3,0,0,0,1.29999534692615E-06
0.5,-4,-3,-0.000227687646753327,0.0202431697738159,0,0.000108599997474812
0.5,-4,-2,-0.000227687646753327,0.0202431697738159,0,9.83999925665557E-05
0.5,-4,-1,-0.000227687646753327,0.0202431697738159,0,9.65000072028488E-05
0.5,-4,0,-0.000227687646753327,0.0202431697738159,0,9.56000003498048E-05
0.5,-4,1,-0.000227687646753327,0.0202431697738159,0,9.60000033956021E-05
0.5,-4,2,-0.000227687646753327,0.0202431697738159,0,9.83999925665557E-05
0.5,-4,3,-0.000227687646753327,0.0202431697738159,0,9.61000041570514E-05
1,-4,-3,-0.000909256542949444,0.0404454574686463,0,9.43000050028786E-05
1,-4,-2,-0.000909256542949444,0.0404454574686463,0,9.65999934123829E-05
1,-4,-1,-0.000909256542949444,0.0404454574686463,0,9.69999964581803E-05
1,-4,0,-0.000909256542949444,0.0404454574686463,0,9.50999965425581E-05
1,-4,1,-0.000909256542949444,0.0404454574686463,0,9.65000072028488E-05
1,-4,2,-0.000909256542949444,0.0404454574686463,0,9.58000018727034E-05
1,-4,3,-0.000909256542949444,0.0404454574686463,0,9.32999973883852E-05
2,-4,-3,-0.00361337000519957,0.0805668018886488,0,9.66000079642981E-05
2,-4,-2,-0.00361337000519957,0.0805668018886488,0,9.72999987425283E-05
2,-4,-1,-0.00361337000519957,0.0805668018886488,0,9.66000079642981E-05
2,-4,0,-0.00361337000519957,0.0805668018886488,0,9.75000002654269E-05
2,-4,1,-0.00361337000519957,0.0805668018886488,0,9.52999980654568E-05
2,-4,2,-0.00361337000519957,0.0805668018886488,0,9.40000027185306E-05
2,-4,3,-0.00361337000519957,0.0805668018886488,0,9.75000002654269E-05
3,-4,-3,-0.00804330662212892,0.120055225369055,0,0.00010959999053739
3,-4,-2,-0.00804330662212892,0.120055225369055,0,9.29000088945031E-05
3,-4,-1,-0.00804330662212892,0.120055225369055,0,9.69000102486461E-05
3,-4,0,-0.00804330662212892,0.120055225369055,0,0.000111400004243478
3,-4,1,-0.00804330662212892,0.120055225369055,0,8.87999922269955E-05
3,-4,2,-0.00804330662212892,0.120055225369055,0,7.95000087236986E-05
3,-4,3,-0.00804330662212892,0.120055225369055,0,7.98999972175807E-05
4,-4,-3,-0.0140901338110262,0.158630731540375,0,7.90000049164519E-05
4,-4,-2,-0.0140901338110262,0.158630731540375,0,7.82999995863065E-05
4,-4,-1,-0.0140901338110262,0.158630731540375,0,7.82999995863065E-05
4,-4,0,-0.0140901338110262,0.158630731540375,0,0.000170999992405996
4,-4,1,-0.0140901338110262,0.158630731540375,0,8.09000048320741E-05
4,-4,2,-0.0140901338110262,0.158630731540375,0,7.90000049164519E-05
4,-4,3,-0.0140901338110262,0.158630731540375,0,7.82999995863065E-05
5,-4,-3,-0.0216131582722817,0.196052432475612,0,8.3399994764477E-05
5,-4,-2,-0.0216131582722817,0.196052432475612,0,8.3399994764477E-05
5,-4,-1,-0.0216131582722817,0.196052432475612,0,8.35999962873757E-05
5,-4,0,-0.0216131582722817,0.196052432475612,0,8.3099992480129E-05
5,-4,1,-0.0216131582722817,0.196052432475612,0,8.32000077934936E-05
5,-4,2,-0.0216131582722817,0.196052432475612,0,8.35999962873757E-05
5,-4,3,-0.0216131582722817,0.196052432475612,0,8.26000032247976E-05
6,-4,-3,-0.0304495159559137,0.232124870917994,0,8.29999917186797E-05
6,-4,-2,-0.0304495159559137,0.232124870917994,0,9.51000110944733E-05
6,-4,-1,-0.0304495159559137,0.232124870917994,0,8.38999985717237E-05
6,-4,0,-0.0304495159559137,0.232124870917994,0,8.35999962873757E-05
6,-4,1,-0.0304495159559137,0.232124870917994,0,8.86000052560121E-05
6,-4,2,-0.0304495159559137,0.232124870917994,0,9.13999974727631E-05
6,-4,3,-0.0304495159559137,0.232124870917994,0,0.000100599994766526
7,-4,-3,-0.0404239725987347,0.266700305806085,0,0.000102499994682148
7,-4,-2,-0.0404239725987347,0.266700305806085,0,0.000101099998573773
7,-4,-1,-0.0404239725987347,0.266700305806085,0,0.000102599995443597
7,-4,0,-0.0404239725987347,0.266700305806085,0,0.00010150000161957
7,-4,1,-0.0404239725987347,0.266700305806085,0,9.98000032268465E-05
7,-4,2,-0.0404239725987347,0.266700305806085,0,0.000101200013887137
7,-4,3,-0.0404239725987347,0.266700305806085,0,0.000103099999250844
8,-4,-3,-0.0513579027045786,0.299677477795761,0,0.000101600002381019
8,-4,-2,-0.0513579027045786,0.299677477795761,0,0.000104899998405017
8,-4,-1,-0.0513579027045786,0.299677477795761,0,0.000101600002381019
8,-4,0,-0.0513579027045786,0.299677477795761,0,9.92000132100657E-05
8,-4,1,-0.0513579027045786,0.299677477795761,0,0.000102999998489395
8,-4,2,-0.0513579027045786,0.299677477795761,0,9.70999972196296E-05
8,-4,3,-0.0513579027045786,0.299677477795761,0,0.000174500004504807
9,-4,-3,-0.0630767607860293,0.330997721538374,0,0.00106179999420419
9,-4,-2,-0.0630767607860293,0.330997721538374,0,0.000102299993159249
9,-4,-1,-0.0630767607860293,0.330997721538374,0,0.000330800001393072
9,-4,0,-0.0630767607860293,0.330997721538374,0,0.000172700005350634
9,-4,1,-0.0630767607860293,0.330997721538374,0,0.000124099999084137
9,-4,2,-0.0630767607860293,0.330997721538374,0,0.000110799999674782
9,-4,3,-0.0630767607860293,0.330997721538374,0,0.000106200008303858
10,-4,-3,-0.0754157272865636,0.360639400500907,0,0.00010669999755919
10,-4,-2,-0.0754157272865636,0.360639400500907,0,0.00013399998715613
10,-4,-1,-0.0754157272865636,0.360639400500907,0,0.000146399994264357
10,-4,0,-0.0754157272865636,0.360639400500907,0,0.000218899993342347
10,-4,1,-0.0754157272865636,0.360639400500907,0,0.000156199996126816
10,-4,2,-0.0754157272865636,0.360639400500907,0,9.99999901978299E-05
10,-4,3,-0.0754157272865636,0.360639400500907,0,0.000154299996211194
12,-4,-3,-0.101364567514384,0.414947521957311,0,0.000110000008135103
12,-4,-2,-0.101364567514384,0.414947521957311,0,0.000105300001450814
12,-4,-1,-0.101364567514384,0.414947521957311,0,0.000616999997873791
12,-4,0,-0.101364567514384,0.414947521957311,0,0.000127599996631034
12,-4,1,-0.101364567514384,0.414947521957311,0,0.000116099996375851
12,-4,2,-0.101364567514384,0.414947521957311,0,0.000144299992825836
12,-4,3,-0.101364567514384,0.414947521957311,0,0.000114199996460229
14,-4,-3,-0.128186798585373,0.46293021301499,0,0.0001133000041591
14,-4,-2,-0.128186798585373,0.46293021301499,0,0.00011110000195913
14,-4,-1,-0.128186798585373,0.46293021301499,0,0.00011189999349881
14,-4,0,-0.128186798585373,0.46293021301499,0,0.000110900000436232
14,-4,1,-0.128186798585373,0.46293021301499,0,0.00011110000195913
14,-4,2,-0.128186798585373,0.46293021301499,0,0.000111599991214462
14,-4,3,-0.128186798585373,0.46293021301499,0,0.000110900000436232
16,-4,-3,-0.155121912574022,0.505130314743252,0,0.000124400001368485
16,-4,-2,-0.155121912574022,0.505130314743252,0,0.000111199988168664
16,-4,-1,-0.155121912574022,0.505130314743252,0,0.000109700005850755
16,-4,0,-0.155121912574022,0.505130314743252,0,0.000110499997390434
16,-4,1,-0.155121912574022,0.505130314743252,0,0.000109799992060289
16,-4,2,-0.155121912574022,0.505130314743252,0,0.000110900000436232
16,-4,3,-0.155121912574022,0.505130314743252,0,0.00011110000195913
18,-4,-3,-0.181637075451823,0.542175901930905,0,0.000112599998828955
18,-4,-2,-0.181637075451823,0.542175901930905,0,0.000111000001197681
18,-4,-1,-0.181637075451823,0.542175901930905,0,0.000112599998828955
18,-4,0,-0.181637075451823,0.542175901930905,0,0.00011110000195913
18,-4,1,-0.181637075451823,0.542175901930905,0,0.000111700006527826
18,-4,2,-0.181637075451823,0.542175901930905,0,0.00011120000272058
18,-4,3,-0.181637075451823,0.542175901930905,0,0.000110000008135103
20,-4,-3,-0.207381220437954,0.574699248475219,0,0.000110999986645766
20,-4,-2,-0.207381220437954,0.574699248475219,0,0.000109500004327856
20,-4,-1,-0.207381220437954,0.574699248475219,0,0.00011120000272058
20,-4,0,-0.207381220437954,0.574699248475219,0,0.000117300005513243
20,-4,1,-0.207381220437954,0.574699248475219,0,0.000111299988930114
20,-4,2,-0.207381220437954,0.574699248475219,0,0.000109700005850755
20,-4,3,-0.207381220437954,0.574699248475219,0,0.000110599998151883
0,-3,-3,0,0,0,3.09999450109899E-06
0,-3,-2,0,0,0,1.60001218318939E-06
0,-3,-1,0,0,0,1.39999610837549E-06
0,-3,0,0,0,0,1.29999534692615E-06
0,-3,1,0,0,0,1.39999610837549E-06
0,-3,2,0,0,0,1.59999763127416E-06
0,-3,3,0,0,0,1.49999686982483E-06
0.5,-3,-3,-0.000227687646753327,0.0202431697738159,0,9.99999901978299E-05
0.5,-3,-2,-0.000227687646753327,0.0202431697738159,0,9.91999986581504E-05
0.5,-3,-1,-0.000227687646753327,0.0202431697738159,0,9.75000002654269E-05
0.5,-3,0,-0.000227687646753327,0.0202431697738159,0,9.8400007118471E-05
0.5,-3,1,-0.000227687646753327,0.0202431697738159,0,9.71999979810789E-05
0.5,-3,2,-0.000227687646753327,0.0202431697738159,0,0.000233099999604747
0.5,-3,3,-0.000227687646753327,0.0202431697738159,0,9.94000001810491E-05
1,-3,-3,-0.000909256542949444,0.0404454574686463,0,9.72999987425283E-05
1,-3,-2,-0.000909256542949444,0.0404454574686463,0,9.87999956123531E-05
1,-3,-1,-0.000909256542949444,0.0404454574686463,0,9.87999956123531E-05
1,-3,0,-0.000909256542949444,0.0404454574686463,0,9.72999987425283E-05
1,-3,1,-0.000909256542949444,0.0404454574686463,0,9.68000094871968E-05
1,-3,2,-0.000909256542949444,0.0404454574686463,0,9.70000110100955E-05
1,-3,3,-0.000909256542949444,0.0404454574686463,0,9.78000025497749E-05
2,-3,-3,-0.00361337000519957,0.0805668018886488,0,0.000284000008832663
2,-3,-2,-0.00361337000519957,0.0805668018886488,0,0.000104400009149686
2,-3,-1,-0.00361337000519957,0.0805668018886488,0,9.99000039882958E-05
2,-3,0,-0.00361337000519957,0.0805668018886488,0,0.000121000004583038
2,-3,1,-0.00361337000519957,0.0805668018886488,0,0.00010080001084134
2,-3,2,-0.00361337000519957,0.0805668018886488,0,9.8700009402819E-05
2,-3,3,-0.00361337000519957,0.0805668018886488,0,9.73999995039776E-05
3,-3,-3,-0.00804330662212892,0.120055225369055,0,9.84999933280051E-05
3,-3,-2,-0.00804330662212892,0.120055225369055,0,9.77000017883256E-05
3,-3,-1,-0.00804330662212892,0.120055225369055,0,9.58000018727034E-05
3,-3,0,-0.00804330662212892,0.120055225369055,0,9.79000033112243E-05
3,-3,1,-0.00804330662212892,0.120055225369055,0,9.73999995039776E-05
3,-3,2,-0.00804330662212892,0.120055225369055,0,9.73999995039776E-05
3,-3,3,-0.00804330662212892,0.120055225369055,0,0.000109300002804957
4,-3,-3,-0.0140901338110262,0.158630731540375,0,9.89999971352518E-05
4,-3,-2,-0.0140901338110262,0.158630731540375,0,9.73999995039776E-05
4,-3,-1,-0.0140901338110262,0.158630731540375,0,9.79000033112243E-05
4,-3,0,-0.0140901338110262,0.158630731540375,0,9.72999987425283E-05
4,-3,1,-0.0140901338110262,0.158630731540375,0,9.65999934123829E-05
4,-3,2,-0.0140901338110262,0.158630731540375,0,9.79000033112243E-05
4,-3,3,-0.0140901338110262,0.158630731540375,0,9.64000064413995E-05
5,-3,-3,-0.0216131582722817,0.196052432475612,0,0.000187400000868365
5,-3,-2,-0.0216131582722817,0.196052432475612,0,0.00015999999595806
5,-3,-1,-0.0216131582722817,0.196052432475612,0,0.000108100008219481
5,-3,0,-0.0216131582722817,0.196052432475612,0,0.000106300009065308
5,-3,1,-0.0216131582722817,0.196052432475612,0,0.00010449999535922
5,-3,2,-0.0216131582722817,0.196052432475612,0,0.000117899995530024
5,-3,3,-0.0216131582722817,0.196052432475612,0,0.000105500002973713
6,-3,-3,-0.0304495159559137,0.232124870917994,0,0.00010439999459777
6,-3,-2,-0.0304495159559137,0.232124870917994,0,0.000105300001450814
6,-3,-1,-0.0304495159559137,0.232124870917994,0,0.000105999992229044
6,-3,0,-0.0304495159559137,0.232124870917994,0,0.00012300000526011
6,-3,1,-0.0304495159559137,0.232124870917994,0,0.000123199992231093
6,-3,2,-0.0304495159559137,0.232124870917994,0,0.000109200002043508
6,-3,3,-0.0304495159559137,0.232124870917994,0,0.000105599989183247
7,-3,-3,-0.0404239725987347,0.266700305806085,0,0.000106300009065308
7,-3,-2,-0.0404239725987347,0.266700305806085,0,0.000105200000689365
7,-3,-1,-0.0404239725987347,0.266700305806085,0,0.000102200006949715
7,-3,0,-0.0404239725987347,0.266700305806085,0,0.000102899997727945
7,-3,1,-0.0404239725987347,0.266700305806085,0,0.000101700003142469
7,-3,2,-0.0404239725987347,0.266700305806085,0,0.000102699996205047
7,-3,3,-0.0404239725987347,0.266700305806085,0,0.000104099992313422
8,-3,-3,-0.0513579027045786,0.299677477795761,0,0.000103800004580989
8,-3,-2,-0.0513579027045786,0.299677477795761,0,0.000102699996205047
8,-3,-1,-0.0513579027045786,0.299677477795761,0,0.000101199999335222
8,-3,0,-0.0513579027045786,0.299677477795761,0,9.98000032268465E-05
8,-3,1,-0.0513579027045786,0.299677477795761,0,0.00011110000195913
8,-3,2,-0.0513579027045786,0.299677477795761,0,9.88999963738024E-05
8,-3,3,-0.0513579027045786,0.299677477795761,0,0.000100100005511194
9,-3,-3,-0.0630767607860293,0.330997721538374,0,0.00010439999459777
9,-3,-2,-0.0630767607860293,0.330997721538374,0,0.000104000006103888
9,-3,-1,-0.0630767607860293,0.330997721538374,0,0.000102200006949715
9,-3,0,-0.0630767607860293,0.330997721538374,0,0.000103899990790524
9,-3,1,-0.0630767607860293,0.330997721538374,0,0.000102500009234063
9,-3,2,-0.0630767607860293,0.330997721538374,0,0.000100500008556992
9,-3,3,-0.0630767607860293,0.330997721538374,0,0.000103300000773743
10,-3,-3,-0.0754157272865636,0.360639400500907,0,0.000103200000012293
10,-3,-2,-0.0754157272865636,0.360639400500907,0,0.000100799996289425
10,-3,-1,-0.0754157272865636,0.360639400500907,0,0.000101199999335222
10,-3,0,-0.0754157272865636,0.360639400500907,0,9.86000086413696E-05
10,-3,1,-0.0754157272865636,0.360639400500907,0,0.000102999998489395
10,-3,2,-0.0754157272865636,0.360639400500907,0,9.54999995883554E-05
10,-3,3,-0.0754157272865636,0.360639400500907,0,8.88000067789108E-05
12,-3,-3,-0.101364567514384,0.414947521957311,0,9.33999981498346E-05
12,-3,-2,-0.101364567514384,0.414947521957311,0,9.15999989956617E-05
12,-3,-1,-0.101364567514384,0.414947521957311,0,0.000198900001123548
12,-3,0,-0.101364567514384,0.414947521957311,0,0.00014230000670068
12,-3,1,-0.101364567514384,0.414947521957311,0,0.000104699996882118
12,-3,2,-0.101364567514384,0.414947521957311,0,0.000100599994766526
12,-3,3,-0.101364567514384,0.414947521957311,0,0.000107400002889335
14,-3,-3,-0.128186798585373,0.46293021301499,0,0.000109600005089305
14,-3,-2,-0.128186798585373,0.46293021301499,0,0.000740099989343435
14,-3,-1,-0.128186798585373,0.46293021301499,0,0.000140199990710244
14,-3,0,-0.128186798585373,0.46293021301499,0,0.000116499999421649
14,-3,1,-0.128186798585373,0.46293021301499,0,0.000112100009573624
14,-3,2,-0.128186798585373,0.46293021301499,0,0.000108699998236261
14,-3,3,-0.128186798585373,0.46293021301499,0,0.00016069998673629
16,-3,-3,-0.155121912574022,0.505130314743252,0,0.000237600004766136
16,-3,-2,-0.155121912574022,0.505130314743252,0,0.000106899999082088
16,-3,-1,-0.155121912574022,0.505130314743252,0,0.000103400001535192
16,-3,0,-0.155121912574022,0.505130314743252,0,0.000104199993074872
16,-3,1,-0.155121912574022,0.505130314743252,0,0.000107900006696582
16,-3,2,-0.155121912574022,0.505130314743252,0,0.000105200000689365
16,-3,3,-0.155121912574022,0.505130314743252,0,0.000103099999250844
18,-3,-3,-0.181637075451823,0.542175901930905,0,0.000102300007711165
18,-3,-2,-0.181637075451823,0.542175901930905,0,0.000103200000012293
18,-3,-1,-0.181637075451823,0.542175901930905,0,0.000101599987829104
18,-3,0,-0.181637075451823,0.542175901930905,0,0.000102000005426817
18,-3,1,-0.181637075451823,0.542175901930905,0,0.0001021999923978
18,-3,2,-0.181637075451823,0.542175901930905,0,0.000103099999250844
18,-3,3,-0.181637075451823,0.542175901930905,0,9.30000096559525E-05
20,-3,-3,-0.207381220437954,0.574699248475219,0,9.13999974727631E-05
20,-3,-2,-0.207381220437954,0.574699248475219,0,9.19000012800098E-05
20,-3,-1,-0.207381220437954,0.574699248475219,0,8.94999975571409E-05
20,-3,0,-0.207381220437954,0.574699248475219,0,0.000101099998573773
20,-3,1,-0.207381220437954,0.574699248475219,0,9.04000044101849E-05
20,-3,2,-0.207381220437954,0.574699248475219,0,9.03000036487356E-05
20,-3,3,-0.207381220437954,0.574699248475219,0,9.03999898582697E-05
0,-2,-3,0,0,0,2.40000372286886E-06
0,-2,-2,0,0,0,1.29999534692615E-06
0,-2,-1,0,0,0,1.29999534692615E-06
0,-2,0,0,0,0,1.29999534692615E-06
0,-2,1,0,0,0,1.29999534692615E-06
0,-2,2,0,0,0,1.30000989884138E-06
0,-2,3,0,0,0,1.30000989884138E-06
0.5,-2,-3,-0.000227687646753327,0.0202431697738159,0,8.54999962029979E-05
0.5,-2,-2,-0.000227687646753327,0.0202431697738159,0,9.09000082174316E-05
0.5,-2,-1,-0.000227687646753327,0.0202431697738159,0,8.95999983185902E-05
0.5,-2,0,-0.000227687646753327,0.0202431697738159,0,9.03000036487356E-05
0.5,-2,1,-0.000227687646753327,0.0202431697738159,0,8.86999914655462E-05
0.5,-2,2,-0.000227687646753327,0.0202431697738159,0,9.00000013643876E-05
0.5,-2,3,-0.000227687646753327,0.0202431697738159,0,8.87000060174614E-05
1,-2,-3,-0.000909256542949444,0.0404454574686463,0,9.00999875739217E-05
1,-2,-2,-0.000909256542949444,0.0404454574686463,0,9.04000044101849E-05
1,-2,-1,-0.000909256542949444,0.0404454574686463,0,9.04000044101849E-05
1,-2,0,-0.000909256542949444,0.0404454574686463,0,9.03999898582697E-05
1,-2,1,-0.000909256542949444,0.0404454574686463,0,9.01000021258369E-05
1,-2,2,-0.000909256542949444,0.0404454574686463,0,8.99000006029382E-05
1,-2,3,-0.000909256542949444,0.0404454574686463,0,9.05999913811684E-05
2,-2,-3,-0.00361337000519957,0.0805668018886488,0,8.3399994764477E-05
2,-2,-2,-0.00361337000519957,0.0805668018886488,0,8.19999986561015E-05
2,-2,-1,-0.00361337000519957,0.0805668018886488,0,7.99000117694959E-05
2,-2,0,-0.00361337000519957,0.0805668018886488,0,9.25000058487058E-05
2,-2,1,-0.00361337000519957,0.0805668018886488,0,8.27000039862469E-05
2,-2,2,-0.00361337000519957,0.0805668018886488,0,8.09000048320741E-05
2,-2,3,-0.00361337000519957,0.0805668018886488,0,8.00999987404794E-05
3,-2,-3,-0.00804330662212892,0.120055225369055,0,7.9699995694682E-05
3,-2,-2,-0.00804330662212892,0.120055225369055,0,8.00000125309452E-05
3,-2,-1,-0.00804330662212892,0.120055225369055,0,8.00999987404794E-05
3,-2,0,-0.00804330662212892,0.120055225369055,0,7.89000041550025E-05
3,-2,1,-0.00804330662212892,0.120055225369055,0,8.01999995019287E-05
3,-2,2,-0.00804330662212892,0.120055225369055,0,8.01999995019287E-05
3,-2,3,-0.00804330662212892,0.120055225369055,0,7.94000079622492E-05
4,-2,-3,-0.0140901338110262,0.158630731540375,0,7.98999972175807E-05
4,-2,-2,-0.0140901338110262,0.158630731540375,0,7.9699995694682E-05
4,-2,-1,-0.0140901338110262,0.158630731540375,0,8.04000010248274E-05
4,-2,0,-0.0140901338110262,0.158630731540375,0,7.98000110080466E-05
4,-2,1,-0.0140901338110262,0.158630731540375,0,7.94999941717833E-05
4,-2,2,-0.0140901338110262,0.158630731540375,0,7.92000064393506E-05
4,-2,3,-0.0140901338110262,0.158630731540375,0,8.65000038174912E-05
5,-2,-3,-0.0216131582722817,0.196052432475612,0,9.85999940894544E-05
5,-2,-2,-0.0216131582722817,0.196052432475612,0,0.000101099998573773
5,-2,-1,-0.0216131582722817,0.196052432475612,0,9.26000066101551E-05
5,-2,0,-0.0216131582722817,0.196052432475612,0,8.81000014487654E-05
5,-2,1,-0.0216131582722817,0.196052432475612,0,8.74000106705353E-05
5,-2,2,-0.0216131582722817,0.196052432475612,0,9.03999898582697E-05
5,-2,3,-0.0216131582722817,0.196052432475612,0,0.000109500004327856
6,-2,-3,-0.0304495159559137,0.232124870917994,0,9.75000002654269E-05
6,-2,-2,-0.0304495159559137,0.232124870917994,0,9.57000011112541E-05
6,-2,-1,-0.0304495159559137,0.232124870917994,0,9.73999995039776E-05
6,-2,0,-0.0304495159559137,0.232124870917994,0,9.69999964581803E-05
6,-2,1,-0.0304495159559137,0.232124870917994,0,9.62999911280349E-05
6,-2,2,-0.0304495159559137,0.232124870917994,0,9.60000033956021E-05
6,-2,3,-0.0304495159559137,0.232124870917994,0,9.67000087257475E-05
7,-2,-3,-0.0404239725987347,0.266700305806085,0,9.64999926509336E-05
7,-2,-2,-0.0404239725987347,0.266700305806085,0,9.61000041570514E-05
7,-2,-1,-0.0404239725987347,0.266700305806085,0,9.58000018727034E-05
7,-2,0,-0.0404239725987347,0.266700305806085,0,9.56000003498048E-05
7,-2,1,-0.0404239725987347,0.266700305806085,0,9.65000072028488E-05
7,-2,2,-0.0404239725987347,0.266700305806085,0,9.56000003498048E-05
7,-2,3,-0.0404239725987347,0.266700305806085,0,9.58000018727034E-05
8,-2,-3,-0.0513579027045786,0.299677477795761,0,9.56000003498048E-05
8,-2,-2,-0.0513579027045786,0.299677477795761,0,9.25000058487058E-05
8,-2,-1,-0.0513579027045786,0.299677477795761,0,8.739999611862E-05
8,-2,0,-0.0513579027045786,0.299677477795761,0,8.55999969644472E-05
8,-2,1,-0.0513579027045786,0.299677477795761,0,0.000108300009742379
8,-2,2,-0.0513579027045786,0.299677477795761,0,9.61999903665856E-05
8,-2,3,-0.0513579027045786,0.299677477795761,0,8.68000061018392E-05
9,-2,-3,-0.0630767607860293,0.330997721538374,0,8.51000077091157E-05
9,-2,-2,-0.0630767607860293,0.330997721538374,0,8.18000116851181E-05
9,-2,-1,-0.0630767607860293,0.330997721538374,0,0.000157599992235191
9,-2,0,-0.0630767607860293,0.330997721538374,0,7.31999898562208E-05
9,-2,1,-0.0630767607860293,0.330997721538374,0,7.24999990779907E-05
9,-2,2,-0.0630767607860293,0.330997721538374,0,7.47000012779608E-05
9,-2,3,-0.0630767607860293,0.330997721538374,0,8.3699997048825E-05
10,-2,-3,-0.0754157272865636,0.360639400500907,0,8.32000077934936E-05
10,-2,-2,-0.0754157272865636,0.360639400500907,0,8.32999940030277E-05
10,-2,-1,-0.0754157272865636,0.360639400500907,0,8.27000039862469E-05
10,-2,0,-0.0754157272865636,0.360639400500907,0,8.37999978102744E-05
10,-2,1,-0.0754157272865636,0.360639400500907,0,8.35999962873757E-05
10,-2,2,-0.0754157272865636,0.360639400500907,0,8.34999955259264E-05
10,-2,3,-0.0754157272865636,0.360639400500907,0,8.43000016175211E-05
12,-2,-3,-0.101364567514384,0.414947521957311,0,8.91000090632588E-05
12,-2,-2,-0.101364567514384,0.414947521957311,0,9.97000024653971E-05
12,-2,-1,-0.101364567514384,0.414947521957311,0,0.0000992999994195998
12,-2,0,-0.101364567514384,0.414947521957311,0,0.000100599994766526
12,-2,1,-0.101364567514384,0.414947521957311,0,9.80000040726736E-05
12,-2,2,-0.101364567514384,0.414947521957311,0,9.84999933280051E-05
12,-2,3,-0.101364567514384,0.414947521957311,0,0.000109100001282059
14,-2,-3,-0.128186798585373,0.46293021301499,0,9.87999956123531E-05
14,-2,-2,-0.128186798585373,0.46293021301499,0,9.86000086413696E-05
14,-2,-1,-0.128186798585373,0.46293021301499,0,9.82999918051064E-05
14,-2,0,-0.128186798585373,0.46293021301499,0,9.86000086413696E-05
14,-2,1,-0.128186798585373,0.46293021301499,0,9.77000017883256E-05
14,-2,2,-0.128186798585373,0.46293021301499,0,9.85999940894544E-05
14,-2,3,-0.128186798585373,0.46293021301499,0,0.000101099998573773
16,-2,-3,-0.155121912574022,0.505130314743252,0,9.94000001810491E-05
16,-2,-2,-0.155121912574022,0.505130314743252,0,9.88000101642683E-05
16,-2,-1,-0.155121912574022,0.505130314743252,0,9.87999956123531E-05
16,-2,0,-0.155121912574022,0.505130314743252,0,9.90999978967011E-05
16,-2,1,-0.155121912574022,0.505130314743252,0,9.8400007118471E-05
16,-2,2,-0.155121912574022,0.505130314743252,0,0.000101899990113452
16,-2,3,-0.155121912574022,0.505130314743252,0,0.000106799998320639
18,-2,-3,-0.181637075451823,0.542175901930905,0,0.000105500002973713
18,-2,-2,-0.181637075451823,0.542175901930905,0,9.65000072028488E-05
18,-2,-1,-0.181637075451823,0.542175901930905,0,9.13999974727631E-05
18,-2,0,-0.181637075451823,0.542175901930905,0,9.15999989956617E-05
18,-2,1,-0.181637075451823,0.542175901930905,0,9.05000051716343E-05
18,-2,2,-0.181637075451823,0.542175901930905,0,0.000100299992482178
18,-2,3,-0.181637075451823,0.542175901930905,0,9.06000059330836E-05
20,-2,-3,-0.207381220437954,0.574699248475219,0,8.97999998414889E-05
20,-2,-2,-0.207381220437954,0.574699248475219,0,8.88000067789108E-05
20,-2,-1,-0.207381220437954,0.574699248475219,0,8.94999975571409E-05
20,-2,0,-0.207381220437954,0.574699248475219,0,8.82000022102147E-05
20,-2,1,-0.207381220437954,0.574699248475219,0,8.90999945113435E-05
20,-2,2,-0.207381220437954,0.574699248475219,0,8.99000006029382E-05
20,-2,3,-0.207381220437954,0.574699248475219,0,9.08000074559823E-05
0,-1,-3,0,0,0,2.60000524576753E-06
0,-1,-2,0,0,0,1.49999686982483E-06
0,-1,-1,0,0,0,1.50001142174006E-06
0,-1,0,0,0,0,1.39999610837549E-06
0,-1,1,0,0,0,1.50001142174006E-06
0,-1,2,0,0,0,1.49999686982483E-06
0,-1,3,0,0,0,1.49999686982483E-06
0.5,-1,-3,-0.000227687646753327,0.0202431697738159,0,9.20000020414591E-05
0.5,-1,-2,-0.000227687646753327,0.0202431697738159,0,9.18000005185604E-05
0.5,-1,-1,-0.000227687646753327,0.0202431697738159,0,9.16999997571111E-05
0.5,-1,0,-0.000227687646753327,0.0202431697738159,0,9.11999959498644E-05
0.5,-1,1,-0.000227687646753327,0.0202431697738159,0,9.12999967113137E-05
0.5,-1,2,-0.000227687646753327,0.0202431697738159,0,8.95999983185902E-05
0.5,-1,3,-0.000227687646753327,0.0202431697738159,0,9.00000013643876E-05
1,-1,-3,-0.000909256542949444,0.0404454574686463,0,9.04000044101849E-05
1,-1,-2,-0.000909256542949444,0.0404454574686463,0,8.75999976415187E-05
1,-1,-1,-0.000909256542949444,0.0404454574686463,0,8.18999978946522E-05
1,-1,0,-0.000909256542949444,0.0404454574686463,0,8.09999910416082E-05
1,-1,1,-0.000909256542949444,0.0404454574686463,0,8.05000017862767E-05
1,-1,2,-0.000909256542949444,0.0404454574686463,0,8.37999978102744E-05
1,-1,3,-0.000909256542949444,0.0404454574686463,0,0.000100300007034093
2,-1,-3,-0.00361337000519957,0.0805668018886488,0,9.03000036487356E-05
2,-1,-2,-0.00361337000519957,0.0805668018886488,0,8.99000006029382E-05
2,-1,-1,-0.00361337000519957,0.0805668018886488,0,9.00999875739217E-05
2,-1,0,-0.00361337000519957,0.0805668018886488,0,8.90000083018094E-05
2,-1,1,-0.00361337000519957,0.0805668018886488,0,9.03000036487356E-05
2,-1,2,-0.00361337000519957,0.0805668018886488,0,0.000192299994523637
2,-1,3,-0.00361337000519957,0.0805668018886488,0,0.000174700006027706
3,-1,-3,-0.00804330662212892,0.120055225369055,0,0.00116230000276119
3,-1,-2,-0.00804330662212892,0.120055225369055,0,0.000100900011602789
3,-1,-1,-0.00804330662212892,0.120055225369055,0,0.000100000004749745
3,-1,0,-0.00804330662212892,0.120055225369055,0,9.61000041570514E-05
3,-1,1,-0.00804330662212892,0.120055225369055,0,9.33000119403005E-05
3,-1,2,-0.00804330662212892,0.120055225369055,0,9.19000012800098E-05
3,-1,3,-0.00804330662212892,0.120055225369055,0,9.23000043258071E-05
4,-1,-3,-0.0140901338110262,0.158630731540375,0,9.10000089788809E-05
4,-1,-2,-0.0140901338110262,0.158630731540375,0,9.31000104174018E-05
4,-1,-1,-0.0140901338110262,0.158630731540375,0,9.08000074559823E-05
4,-1,0,-0.0140901338110262,0.158630731540375,0,9.11999959498644E-05
4,-1,1,-0.0140901338110262,0.158630731540375,0,9.15999989956617E-05
4,-1,2,-0.0140901338110262,0.158630731540375,0,9.08999936655164E-05
4,-1,3,-0.0140901338110262,0.158630731540375,0,9.10000089788809E-05
5,-1,-3,-0.0216131582722817,0.196052432475612,0,9.57000011112541E-05
5,-1,-2,-0.0216131582722817,0.196052432475612,0,9.60999896051362E-05
5,-1,-1,-0.0216131582722817,0.196052432475612,0,0.000108799998997711
5,-1,0,-0.0216131582722817,0.196052432475612,0,0.000206299999263138
5,-1,1,-0.0216131582722817,0.196052432475612,0,0.000100799996289425
5,-1,2,-0.0216131582722817,0.196052432475612,0,9.76000010268763E-05
5,-1,3,-0.0216131582722817,0.196052432475612,0,9.67999949352816E-05
6,-1,-3,-0.0304495159559137,0.232124870917994,0,9.61000041570514E-05
6,-1,-2,-0.0304495159559137,0.232124870917994,0,9.67999949352816E-05
6,-1,-1,-0.0304495159559137,0.232124870917994,0,9.64000064413995E-05
6,-1,0,-0.0304495159559137,0.232124870917994,0,9.52999980654568E-05
6,-1,1,-0.0304495159559137,0.232124870917994,0,9.61999903665856E-05
6,-1,2,-0.0304495159559137,0.232124870917994,0,9.54999995883554E-05
6,-1,3,-0.0304495159559137,0.232124870917994,0,9.58000018727034E-05
7,-1,-3,-0.0404239725987347,0.266700305806085,0,9.64000064413995E-05
7,-1,-2,-0.0404239725987347,0.266700305806085,0,9.60999896051362E-05
7,-1,-1,-0.0404239725987347,0.266700305806085,0,9.5000010333024E-05
7,-1,0,-0.0404239725987347,0.266700305806085,0,9.65999934123829E-05
7,-1,1,-0.0404239725987347,0.266700305806085,0,9.59000026341528E-05
7,-1,2,-0.0404239725987347,0.266700305806085,0,9.63999918894842E-05
7,-1,3,-0.0404239725987347,0.266700305806085,0,9.51999973040074E-05
8,-1,-3,-0.0513579027045786,0.299677477795761,0,0.000106099992990494
8,-1,-2,-0.0513579027045786,0.299677477795761,0,9.76000010268763E-05
8,-1,-1,-0.0513579027045786,0.299677477795761,0,9.47999942582101E-05
8,-1,0,-0.0513579027045786,0.299677477795761,0,9.61000041570514E-05
8,-1,1,-0.0513579027045786,0.299677477795761,0,9.76000010268763E-05
8,-1,2,-0.0513579027045786,0.299677477795761,0,9.01000021258369E-05
8,-1,3,-0.0513579027045786,0.299677477795761,0,8.54999962029979E-05
9,-1,-3,-0.0630767607860293,0.330997721538374,0,8.43000016175211E-05
9,-1,-2,-0.0630767607860293,0.330997721538374,0,8.3999999333173E-05
9,-1,-1,-0.0630767607860293,0.330997721538374,0,8.37999978102744E-05
9,-1,0,-0.0630767607860293,0.330997721538374,0,8.34000093163922E-05
9,-1,1,-0.0630767607860293,0.330997721538374,0,8.3099992480129E-05
9,-1,2,-0.0630767607860293,0.330997721538374,0,8.43000016175211E-05
9,-1,3,-0.0630767607860293,0.330997721538374,0,8.51000077091157E-05
10,-1,-3,-0.0754157272865636,0.360639400500907,0,8.43000016175211E-05
10,-1,-2,-0.0754157272865636,0.360639400500907,0,8.51000077091157E-05
10,-1,-1,-0.0754157272865636,0.360639400500907,0,8.46000039018691E-05
10,-1,0,-0.0754157272865636,0.360639400500907,0,8.31999932415783E-05
10,-1,1,-0.0754157272865636,0.360639400500907,0,9.62000049185008E-05
10,-1,2,-0.0754157272865636,0.360639400500907,0,9.76000010268763E-05
10,-1,3,-0.0754157272865636,0.360639400500907,0,9.79999895207584E-05
12,-1,-3,-0.101364567514384,0.414947521957311,0,0.000103800004580989
12,-1,-2,-0.101364567514384,0.414947521957311,0,0.000114299997221679
12,-1,-1,-0.101364567514384,0.414947521957311,0,0.000105300001450814
12,-1,0,-0.101364567514384,0.414947521957311,0,0.000103500002296641
12,-1,1,-0.101364567514384,0.414947521957311,0,0.000101199999335222
12,-1,2,-0.101364567514384,0.414947521957311,0,9.85000078799203E-05
12,-1,3,-0.101364567514384,0.414947521957311,0,9.23000043258071E-05
14,-1,-3,-0.128186798585373,0.46293021301499,0,9.12000105017796E-05
14,-1,-2,-0.128186798585373,0.46293021301499,0,9.10999951884151E-05
14,-1,-1,-0.128186798585373,0.46293021301499,0,9.00000013643876E-05
14,-1,0,-0.128186798585373,0.46293021301499,0,9.05999913811684E-05
14,-1,1,-0.128186798585373,0.46293021301499,0,9.03000036487356E-05
14,-1,2,-0.128186798585373,0.46293021301499,0,0.000101400000858121
14,-1,3,-0.128186798585373,0.46293021301499,0,0.000102599995443597
16,-1,-3,-0.155121912574022,0.505130314743252,0,0.000103900005342439
16,-1,-2,-0.155121912574022,0.505130314743252,0,0.00010370000381954
16,-1,-1,-0.155121912574022,0.505130314743252,0,0.000104599996120669
16,-1,0,-0.155121912574022,0.505130314743252,0,0.000103400001535192
16,-1,1,-0.155121912574022,0.505130314743252,0,0.000102999998489395
16,-1,2,-0.155121912574022,0.505130314743252,0,0.00011860000086017
16,-1,3,-0.155121912574022,0.505130314743252,0,0.000107200001366436
18,-1,-3,-0.181637075451823,0.542175901930905,0,0.000113700007204898
18,-1,-2,-0.181637075451823,0.542175901930905,0,0.000103799990029074
18,-1,-1,-0.181637075451823,0.542175901930905,0,0.000103500002296641
18,-1,0,-0.181637075451823,0.542175901930905,0,0.000103300000773743
18,-1,1,-0.181637075451823,0.542175901930905,0,9.51999973040074E-05
18,-1,2,-0.181637075451823,0.542175901930905,0,9.15999989956617E-05
18,-1,3,-0.181637075451823,0.542175901930905,0,9.12000105017796E-05
20,-1,-3,-0.207381220437954,0.574699248475219,0,9.10999951884151E-05
20,-1,-2,-0.207381220437954,0.574699248475219,0,9.00000013643876E-05
20,-1,-1,-0.207381220437954,0.574699248475219,0,8.96999990800396E-05
20,-1,0,-0.207381220437954,0.574699248475219,0,8.91000090632588E-05
20,-1,1,-0.207381220437954,0.574699248475219,0,8.96999990800396E-05
20,-1,2,-0.207381220437954,0.574699248475219,0,8.95999983185902E-05
20,-1,3,-0.207381220437954,0.574699248475219,0,8.88000067789108E-05
0,0,-3,0,0,0,2.20000219997019E-06
0,0,-2,0,0,0,1.19999458547682E-06
0,0,-1,0,0,0,1.09999382402748E-06
0,0,0,0,0,0,1.09999382402748E-06
0,0,1,0,0,0,1.19999458547682E-06
0,0,2,0,0,0,1.09999382402748E-06
0,0,3,0,0,0,1.19999458547682E-06
0.5,0,-3,-0.000227687646753327,0.0202431697738159,0,6.97999930707738E-05
0.5,0,-2,-0.000227687646753327,0.0202431697738159,0,6.86999992467463E-05
0.5,0,-1,-0.000227687646753327,0.0202431697738159,0,6.81999954394996E-05
0.5,0,0,-0.000227687646753327,0.0202431697738159,0,6.83999969623983E-05
0.5,0,1,-0.000227687646753327,0.0202431697738159,0,6.74999901093543E-05
0.5,0,2,-0.000227687646753327,0.0202431697738159,0,6.8599998485297E-05
0.5,0,3,-0.000227687646753327,0.0202431697738159,0,6.78999931551516E-05
1,0,-3,-0.000909256542949444,0.0404454574686463,0,6.84999977238476E-05
1,0,-2,-0.000909256542949444,0.0404454574686463,0,6.88000000081956E-05
1,0,-1,-0.000909256542949444,0.0404454574686463,0,0.000150000007124618
1,0,0,-0.000909256542949444,0.0404454574686463,0,0.000114199996460229
1,0,1,-0.000909256542949444,0.0404454574686463,0,0.000106099992990494
1,0,2,-0.000909256542949444,0.0404454574686463,0,0.000212700004340149
1,0,3,-0.000909256542949444,0.0404454574686463,0,0.000102099991636351
2,0,-3,-0.00361337000519957,0.0805668018886488,0,0.000100899997050874
2,0,-2,-0.00361337000519957,0.0805668018886488,0,0.000110499997390434
2,0,-1,-0.00361337000519957,0.0805668018886488,0,9.97000024653971E-05
2,0,0,-0.00361337000519957,0.0805668018886488,0,9.79999895207584E-05
2,0,1,-0.00361337000519957,0.0805668018886488,0,9.94000001810491E-05
2,0,2,-0.00361337000519957,0.0805668018886488,0,9.8700009402819E-05
2,0,3,-0.00361337000519957,0.0805668018886488,0,9.9000011687167E-05
3,0,-3,-0.00804330662212892,0.120055225369055,0,9.9000011687167E-05
3,0,-2,-0.00804330662212892,0.120055225369055,0,9.7599986474961E-05
3,0,-1,-0.00804330662212892,0.120055225369055,0,9.8700009402819E-05
3,0,0,-0.00804330662212892,0.120055225369055,0,9.78999887593091E-05
3,0,1,-0.00804330662212892,0.120055225369055,0,9.8100004834123E-05
3,0,2,-0.00804330662212892,0.120055225369055,0,9.89999971352518E-05
3,0,3,-0.00804330662212892,0.120055225369055,0,9.96000017039478E-05
4,0,-3,-0.0140901338110262,0.158630731540375,0,9.73999995039776E-05
4,0,-2,-0.0140901338110262,0.158630731540375,0,0.000102100006188266
4,0,-1,-0.0140901338110262,0.158630731540375,0,9.81999910436571E-05
4,0,0,-0.0140901338110262,0.158630731540375,0,9.88000101642683E-05
4,0,1,-0.0140901338110262,0.158630731540375,0,9.83000063570216E-05
4,0,2,-0.0140901338110262,0.158630731540375,0,9.85999940894544E-05
4,0,3,-0.0140901338110262,0.158630731540375,0,0.000106499996036291
5,0,-3,-0.0216131582722817,0.196052432475612,0,0.000106799998320639
5,0,-2,-0.0216131582722817,0.196052432475612,0,0.000105200000689365
5,0,-1,-0.0216131582722817,0.196052432475612,0,0.000104400009149686
5,0,0,-0.0216131582722817,0.196052432475612,0,0.000105099999927916
5,0,1,-0.0216131582722817,0.196052432475612,0,0.000105300001450814
5,0,2,-0.0216131582722817,0.196052432475612,0,0.000106899999082088
5,0,3,-0.0216131582722817,0.196052432475612,0,0.000104799997643568
6,0,-3,-0.0304495159559137,0.232124870917994,0,0.000104999999166466
6,0,-2,-0.0304495159559137,0.232124870917994,0,0.000104099992313422
6,0,-1,-0.0304495159559137,0.232124870917994,0,0.000106999999843538
6,0,0,-0.0304495159559137,0.232124870917994,0,0.000104899998405017
6,0,1,-0.0304495159559137,0.232124870917994,0,0.000106100007542409
6,0,2,-0.0304495159559137,0.232124870917994,0,0.00010669999755919
6,0,3,-0.0304495159559137,0.232124870917994,0,0.000106300009065308
7,0,-3,-0.0404239725987347,0.266700305806085,0,0.000104600010672584
7,0,-2,-0.0404239725987347,0.266700305806085,0,0.000106099992990494
7,0,-1,-0.0404239725987347,0.266700305806085,0,0.000105999992229044
7,0,0,-0.0404239725987347,0.266700305806085,0,0.00010590000601951
7,0,1,-0.0404239725987347,0.266700305806085,0,0.000148400009493344
7,0,2,-0.0404239725987347,0.266700305806085,0,0.000329999995301478
7,0,3,-0.0404239725987347,0.266700305806085,0,0.000144599995110184
8,0,-3,-0.0513579027045786,0.299677477795761,0,0.000110599998151883
8,0,-2,-0.0513579027045786,0.299677477795761,0,0.000110699998913333
8,0,-1,-0.0513579027045786,0.299677477795761,0,0.000106200008303858
8,0,0,-0.0513579027045786,0.299677477795761,0,0.000105400002212264
8,0,1,-0.0513579027045786,0.299677477795761,0,0.000114299997221679
8,0,2,-0.0513579027045786,0.299677477795761,0,0.000109100001282059
8,0,3,-0.0513579027045786,0.299677477795761,0,9.02999890968204E-05
9,0,-3,-0.0630767607860293,0.330997721538374,0,9.70999972196296E-05
9,0,-2,-0.0630767607860293,0.330997721538374,0,0.000372199996490963
9,0,-1,-0.0630767607860293,0.330997721538374,0,0.000119799995445646
9,0,0,-0.0630767607860293,0.330997721538374,0,0.000347099994542077
9,0,1,-0.0630767607860293,0.330997721538374,0,0.000115200004074723
9,0,2,-0.0630767607860293,0.330997721538374,0,0.0001104000111809
9,0,3,-0.0630767607860293,0.330997721538374,0,0.000104500009911135
10,0,-3,-0.0754157272865636,0.360639400500907,0,0.000101099998573773
10,0,-2,-0.0754157272865636,0.360639400500907,0,9.90999978967011E-05
10,0,-1,-0.0754157272865636,0.360639400500907,0,9.86999948509038E-05
10,0,0,-0.0754157272865636,0.360639400500907,0,9.77000017883256E-05
10,0,1,-0.0754157272865636,0.360639400500907,0,9.84999933280051E-05
10,0,2,-0.0754157272865636,0.360639400500907,0,0.000115699993330054
10,0,3,-0.0754157272865636,0.360639400500907,0,0.00010590000601951
12,0,-3,-0.101364567514384,0.414947521957311,0,0.000109999993583187
12,0,-2,-0.101364567514384,0.414947521957311,0,0.00011120000272058
12,0,-1,-0.101364567514384,0.414947521957311,0,0.000111399989691563
12,0,0,-0.101364567514384,0.414947521957311,0,0.00011110000195913
12,0,1,-0.101364567514384,0.414947521957311,0,0.000109500004327856
12,0,2,-0.101364567514384,0.414947521957311,0,0.000109500004327856
12,0,3,-0.101364567514384,0.414947521957311,0,0.000110900000436232
14,0,-3,-0.128186798585373,0.46293021301499,0,0.000109799992060289
14,0,-2,-0.128186798585373,0.46293021301499,0,0.000109300002804957
14,0,-1,-0.128186798585373,0.46293021301499,0,0.000109400003566407
14,0,0,-0.128186798585373,0.46293021301499,0,0.000236299994867295
14,0,1,-0.128186798585373,0.46293021301499,0,0.000135199996293522
14,0,2,-0.128186798585373,0.46293021301499,0,0.000129000007291324
14,0,3,-0.128186798585373,0.46293021301499,0,0.000125699996715412
16,0,-3,-0.155121912574022,0.505130314743252,0,0.000124500002129935
16,0,-2,-0.155121912574022,0.505130314743252,0,0.000108799998997711
16,0,-1,-0.155121912574022,0.505130314743252,0,0.000102999998489395
16,0,0,-0.155121912574022,0.505130314743252,0,0.000101400000858121
16,0,1,-0.155121912574022,0.505130314743252,0,0.000174999993760139
16,0,2,-0.155121912574022,0.505130314743252,0,0.000106799998320639
16,0,3,-0.155121912574022,0.505130314743252,0,0.000107199986814521
18,0,-3,-0.181637075451823,0.542175901930905,0,0.000227200012886897
18,0,-2,-0.181637075451823,0.542175901930905,0,0.000106300009065308
18,0,-1,-0.181637075451823,0.542175901930905,0,0.000105599989183247
18,0,0,-0.181637075451823,0.542175901930905,0,0.000105099999927916
18,0,1,-0.181637075451823,0.542175901930905,0,0.00010439999459777
18,0,2,-0.181637075451823,0.542175901930905,0,0.000103900005342439
18,0,3,-0.181637075451823,0.542175901930905,0,0.000101099998573773
20,0,-3,-0.207381220437954,0.574699248475219,0,0.000100199991720729
20,0,-2,-0.207381220437954,0.574699248475219,0,0.000104600010672584
20,0,-1,-0.207381220437954,0.574699248475219,0,0.000109300002804957
20,0,0,-0.207381220437954,0.574699248475219,0,0.000123199992231093
20,0,1,-0.207381220437954,0.574699248475219,0,0.000104799997643568
20,0,2,-0.207381220437954,0.574699248475219,0,0.000108499996713363
20,0,3,-0.207381220437954,0.574699248475219,0,0.000108599997474812
0,1,-3,0,0,0,3.29999602399766E-06
0,1,-2,0,0,0,1.49999686982483E-06
0,1,-1,0,0,0,1.29999534692615E-06
0,1,0,0,0,0,1.39999610837549E-06
0,1,1,0,0,0,1.59999763127416E-06
0,1,2,0,0,0,1.49999686982483E-06
0,1,3,0,0,0,1.29999534692615E-06
0.5,1,-3,-0.000227687646753327,0.0202431697738159,0,8.46000039018691E-05
0.5,1,-2,-0.000227687646753327,0.0202431697738159,0,8.0300000263378E-05
0.5,1,-1,-0.000227687646753327,0.0202431697738159,0,7.89000041550025E-05
0.5,1,0,-0.000227687646753327,0.0202431697738159,0,7.79999973019585E-05
0.5,1,1,-0.000227687646753327,0.0202431697738159,0,9.60000033956021E-05
0.5,1,2,-0.000227687646753327,0.0202431697738159,0,7.999999797903E-05
0.5,1,3,-0.000227687646753327,0.0202431697738159,0,7.92999926488847E-05
1,1,-3,-0.000909256542949444,0.0404454574686463,0,7.999999797903E-05
1,1,-2,-0.000909256542949444,0.0404454574686463,0,7.97000102465972E-05
1,1,-1,-0.000909256542949444,0.0404454574686463,0,7.88000033935532E-05
1,1,0,-0.000909256542949444,0.0404454574686463,0,7.84000003477559E-05
1,1,1,-0.000909256542949444,0.0404454574686463,0,7.84000003477559E-05
1,1,2,-0.000909256542949444,0.0404454574686463,0,7.9099991125986E-05
1,1,3,-0.000909256542949444,0.0404454574686463,0,7.89000041550025E-05
2,1,-3,-0.00361337000519957,0.0805668018886488,0,7.82999995863065E-05
2,1,-2,-0.00361337000519957,0.0805668018886488,0,7.96000094851479E-05
2,1,-1,-0.00361337000519957,0.0805668018886488,0,7.95999949332327E-05
2,1,0,-0.00361337000519957,0.0805668018886488,0,8.14000086393207E-05
2,1,1,-0.00361337000519957,0.0805668018886488,0,7.89999903645366E-05
2,1,2,-0.00361337000519957,0.0805668018886488,0,8.16999963717535E-05
2,1,3,-0.00361337000519957,0.0805668018886488,0,7.86000018706545E-05
3,1,-3,-0.00804330662212892,0.120055225369055,0,7.90000049164519E-05
3,1,-2,-0.00804330662212892,0.120055225369055,0,7.85000011092052E-05
3,1,-1,-0.00804330662212892,0.120055225369055,0,7.9699995694682E-05
3,1,0,-0.00804330662212892,0.120055225369055,0,7.95000087236986E-05
3,1,1,-0.00804330662212892,0.120055225369055,0,7.94999941717833E-05
3,1,2,-0.00804330662212892,0.120055225369055,0,9.43000050028786E-05
3,1,3,-0.00804330662212892,0.120055225369055,0,8.0300000263378E-05
4,1,-3,-0.0140901338110262,0.158630731540375,0,7.89999903645366E-05
4,1,-2,-0.0140901338110262,0.158630731540375,0,8.20999994175509E-05
4,1,-1,-0.0140901338110262,0.158630731540375,0,9.05999913811684E-05
4,1,0,-0.0140901338110262,0.158630731540375,0,8.85000044945628E-05
4,1,1,-0.0140901338110262,0.158630731540375,0,8.75999976415187E-05
4,1,2,-0.0140901338110262,0.158630731540375,0,8.74999968800694E-05
4,1,3,-0.0140901338110262,0.158630731540375,0,8.70000076247379E-05
5,1,-3,-0.0216131582722817,0.196052432475612,0,9.02999890968204E-05
5,1,-2,-0.0216131582722817,0.196052432475612,0,9.57000011112541E-05
5,1,-1,-0.0216131582722817,0.196052432475612,0,9.8100004834123E-05
5,1,0,-0.0216131582722817,0.196052432475612,0,9.46999934967607E-05
5,1,1,-0.0216131582722817,0.196052432475612,0,9.89999971352518E-05
5,1,2,-0.0216131582722817,0.196052432475612,0,9.41000034799799E-05
5,1,3,-0.0216131582722817,0.196052432475612,0,0.000112599998828955
6,1,-3,-0.0304495159559137,0.232124870917994,0,9.62999911280349E-05
6,1,-2,-0.0304495159559137,0.232124870917994,0,9.71000117715448E-05
6,1,-1,-0.0304495159559137,0.232124870917994,0,9.51000110944733E-05
6,1,0,-0.0304495159559137,0.232124870917994,0,9.64999926509336E-05
6,1,1,-0.0304495159559137,0.232124870917994,0,9.58000018727034E-05
6,1,2,-0.0304495159559137,0.232124870917994,0,9.59999888436869E-05
6,1,3,-0.0304495159559137,0.232124870917994,0,9.70000110100955E-05
7,1,-3,-0.0404239725987347,0.266700305806085,0,9.37000004341826E-05
7,1,-2,-0.0404239725987347,0.266700305806085,0,9.51000110944733E-05
7,1,-1,-0.0404239725987347,0.266700305806085,0,9.56000003498048E-05
7,1,0,-0.0404239725987347,0.266700305806085,0,9.44999919738621E-05
7,1,1,-0.0404239725987347,0.266700305806085,0,9.49999957811087E-05
7,1,2,-0.0404239725987347,0.266700305806085,0,9.39000019570813E-05
7,1,3,-0.0404239725987347,0.266700305806085,0,9.32999973883852E-05
8,1,-3,-0.0513579027045786,0.299677477795761,0,9.4700008048676E-05
8,1,-2,-0.0513579027045786,0.299677477795761,0,9.78000025497749E-05
8,1,-1,-0.0513579027045786,0.299677477795761,0,9.54999995883554E-05
8,1,0,-0.0513579027045786,0.299677477795761,0,9.27000073716044E-05
8,1,1,-0.0513579027045786,0.299677477795761,0,9.44999919738621E-05
8,1,2,-0.0513579027045786,0.299677477795761,0,0.000105600003735162
8,1,3,-0.0513579027045786,0.299677477795761,0,9.61000041570514E-05
9,1,-3,-0.0630767607860293,0.330997721538374,0,9.37000004341826E-05
9,1,-2,-0.0630767607860293,0.330997721538374,0,9.40000027185306E-05
9,1,-1,-0.0630767607860293,0.330997721538374,0,9.44999919738621E-05
9,1,0,-0.0630767607860293,0.330997721538374,0,8.91000090632588E-05
9,1,1,-0.0630767607860293,0.330997721538374,0,8.55999969644472E-05
9,1,2,-0.0630767607860293,0.330997721538374,0,8.52999946800992E-05
9,1,3,-0.0630767607860293,0.330997721538374,0,8.52000084705651E-05
10,1,-3,-0.0754157272865636,0.360639400500907,0,8.49999923957512E-05
10,1,-2,-0.0754157272865636,0.360639400500907,0,8.54000099934638E-05
10,1,-1,-0.0754157272865636,0.360639400500907,0,0.00018380000256002
10,1,0,-0.0754157272865636,0.360639400500907,0,8.44999885885045E-05
10,1,1,-0.0754157272865636,0.360639400500907,0,8.47999908728525E-05
10,1,2,-0.0754157272865636,0.360639400500907,0,8.13000078778714E-05
10,1,3,-0.0754157272865636,0.360639400500907,0,8.72999953571707E-05
12,1,-3,-0.101364567514384,0.414947521957311,0,9.98000032268465E-05
12,1,-2,-0.101364567514384,0.414947521957311,0,9.87999956123531E-05
12,1,-1,-0.101364567514384,0.414947521957311,0,9.89999971352518E-05
12,1,0,-0.101364567514384,0.414947521957311,0,0.000100099990959279
12,1,1,-0.101364567514384,0.414947521957311,0,0.000100600009318441
12,1,2,-0.101364567514384,0.414947521957311,0,0.000183599986485206
12,1,3,-0.101364567514384,0.414947521957311,0,0.000110599998151883
14,1,-3,-0.128186798585373,0.46293021301499,0,9.20000020414591E-05
14,1,-2,-0.128186798585373,0.46293021301499,0,8.31999932415783E-05
14,1,-1,-0.128186798585373,0.46293021301499,0,8.17000109236687E-05
14,1,0,-0.128186798585373,0.46293021301499,0,7.999999797903E-05
14,1,1,-0.128186798585373,0.46293021301499,0,7.94999941717833E-05
14,1,2,-0.128186798585373,0.46293021301499,0,7.95999949332327E-05
14,1,3,-0.128186798585373,0.46293021301499,0,8.28000047476962E-05
16,1,-3,-0.155121912574022,0.505130314743252,0,0.000115500006359071
16,1,-2,-0.155121912574022,0.505130314743252,0,8.91000090632588E-05
16,1,-1,-0.155121912574022,0.505130314743252,0,8.10000055935234E-05
16,1,0,-0.155121912574022,0.505130314743252,0,7.999999797903E-05
16,1,1,-0.155121912574022,0.505130314743252,0,8.29000055091456E-05
16,1,2,-0.155121912574022,0.505130314743252,0,0.000111499990453012
16,1,3,-0.155121912574022,0.505130314743252,0,0.000113799993414432
18,1,-3,-0.181637075451823,0.542175901930905,0,0.000113000001874752
18,1,-2,-0.181637075451823,0.542175901930905,0,0.00011179999273736
18,1,-1,-0.181637075451823,0.542175901930905,0,0.000113900008727796
18,1,0,-0.181637075451823,0.542175901930905,0,0.000112500012619421
18,1,1,-0.181637075451823,0.542175901930905,0,0.000111700006527826
18,1,2,-0.181637075451823,0.542175901930905,0,0.000112999987322837
18,1,3,-0.181637075451823,0.542175901930905,0,0.000144300007377751
20,1,-3,-0.207381220437954,0.574699248475219,0,0.000129200008814223
20,1,-2,-0.207381220437954,0.574699248475219,0,0.000100300007034093
20,1,-1,-0.207381220437954,0.574699248475219,0,9.70999972196296E-05
20,1,0,-0.207381220437954,0.574699248475219,0,0.000518399989232421
20,1,1,-0.207381220437954,0.574699248475219,0,0.000114599999506027
20,1,2,-0.207381220437954,0.574699248475219,0,0.000102999998489395
20,1,3,-0.207381220437954,0.574699248475219,0,0.000103300000773743
0,2,-3,0,0,0,2.79999221675098E-06
0,2,-2,0,0,0,1.30000989884138E-06
0,2,-1,0,0,0,1.79999915417284E-06
0,2,0,0,0,0,1.20000913739204E-06
0,2,1,0,0,0,1.39999610837549E-06
0,2,2,0,0,0,1.39999610837549E-06
0,2,3,0,0,0,1.29999534692615E-06
0.5,2,-3,-0.000227687646753327,0.0202431697738159,0,8.83000029716641E-05
0.5,2,-2,-0.000227687646753327,0.0202431697738159,0,0.000141600001370534
0.5,2,-1,-0.000227687646753327,0.0202431697738159,0,0.000101099998573773
0.5,2,0,-0.000227687646753327,0.0202431697738159,0,0.00012589999823831
0.5,2,1,-0.000227687646753327,0.0202431697738159,0,8.94000113476068E-05
0.5,2,2,-0.000227687646753327,0.0202431697738159,0,8.23000009404495E-05
0.5,2,3,-0.000227687646753327,0.0202431697738159,0,8.17000109236687E-05
1,2,-3,-0.000909256542949444,0.0404454574686463,0,8.28999909572303E-05
1,2,-2,-0.000909256542949444,0.0404454574686463,0,8.11000063549727E-05
1,2,-1,-0.000909256542949444,0.0404454574686463,0,7.05999991623685E-05
1,2,0,-0.000909256542949444,0.0404454574686463,0,6.94000045768917E-05
1,2,1,-0.000909256542949444,0.0404454574686463,0,6.8599998485297E-05
1,2,2,-0.000909256542949444,0.0404454574686463,0,7.37999944249168E-05
1,2,3,-0.000909256542949444,0.0404454574686463,0,7.87000026321039E-05
2,2,-3,-0.00361337000519957,0.0805668018886488,0,7.88000033935532E-05
2,2,-2,-0.00361337000519957,0.0805668018886488,0,7.77999957790598E-05
2,2,-1,-0.00361337000519957,0.0805668018886488,0,7.82999995863065E-05
2,2,0,-0.00361337000519957,0.0805668018886488,0,7.91999918874353E-05
2,2,1,-0.00361337000519957,0.0805668018886488,0,7.87000026321039E-05
2,2,2,-0.00361337000519957,0.0805668018886488,0,7.79000110924244E-05
2,2,3,-0.00361337000519957,0.0805668018886488,0,7.73999927332625E-05
3,2,-3,-0.00804330662212892,0.120055225369055,0,7.76000088080764E-05
3,2,-2,-0.00804330662212892,0.120055225369055,0,7.60999973863363E-05
3,2,-1,-0.00804330662212892,0.120055225369055,0,7.08000006852672E-05
3,2,0,-0.00804330662212892,0.120055225369055,0,7.71000050008297E-05
3,2,1,-0.00804330662212892,0.120055225369055,0,7.65000004321337E-05
3,2,2,-0.00804330662212892,0.120055225369055,0,7.67000019550324E-05
3,2,3,-0.00804330662212892,0.120055225369055,0,7.70000042393804E-05
4,2,-3,-0.0140901338110262,0.158630731540375,0,8.47000046633184E-05
4,2,-2,-0.0140901338110262,0.158630731540375,0,7.58999958634377E-05
4,2,-1,-0.0140901338110262,0.158630731540375,0,6.9500005338341E-05
4,2,0,-0.0140901338110262,0.158630731540375,0,7.12000037310645E-05
4,2,1,-0.0140901338110262,0.158630731540375,0,7.9099991125986E-05
4,2,2,-0.0140901338110262,0.158630731540375,0,7.69999896874651E-05
4,2,3,-0.0140901338110262,0.158630731540375,0,8.09000048320741E-05
5,2,-3,-0.0216131582722817,0.196052432475612,0,8.48000054247677E-05
5,2,-2,-0.0216131582722817,0.196052432475612,0,8.51999939186499E-05
5,2,-1,-0.0216131582722817,0.196052432475612,0,8.43000016175211E-05
5,2,0,-0.0216131582722817,0.196052432475612,0,8.73000099090859E-05
5,2,1,-0.0216131582722817,0.196052432475612,0,8.6499989265576E-05
5,2,2,-0.0216131582722817,0.196052432475612,0,8.91000090632588E-05
5,2,3,-0.0216131582722817,0.196052432475612,0,9.34999989112839E-05
6,2,-3,-0.0304495159559137,0.232124870917994,0,9.31999966269359E-05
6,2,-2,-0.0304495159559137,0.232124870917994,0,9.64000064413995E-05
6,2,-1,-0.0304495159559137,0.232124870917994,0,0.000115899994852953
6,2,0,-0.0304495159559137,0.232124870917994,0,0.000211599995964207
6,2,1,-0.0304495159559137,0.232124870917994,0,0.000111800007289276
6,2,2,-0.0304495159559137,0.232124870917994,0,0.000105899991467595
6,2,3,-0.0304495159559137,0.232124870917994,0,0.000120199998491444
7,2,-3,-0.0404239725987347,0.266700305806085,0,0.000115899994852953
7,2,-2,-0.0404239725987347,0.266700305806085,0,0.000105500002973713
7,2,-1,-0.0404239725987347,0.266700305806085,0,0.000106299994513392
7,2,0,-0.0404239725987347,0.266700305806085,0,0.000105400002212264
7,2,1,-0.0404239725987347,0.266700305806085,0,0.000103800004580989
7,2,2,-0.0404239725987347,0.266700305806085,0,0.000103899990790524
7,2,3,-0.0404239725987347,0.266700305806085,0,0.000103500002296641
8,2,-3,-0.0513579027045786,0.299677477795761,0,0.000103400001535192
8,2,-2,-0.0513579027045786,0.299677477795761,0,0.000102799996966496
8,2,-1,-0.0513579027045786,0.299677477795761,0,0.000103699989267625
8,2,0,-0.0513579027045786,0.299677477795761,0,0.000103900005342439
8,2,1,-0.0513579027045786,0.299677477795761,0,0.000102799996966496
8,2,2,-0.0513579027045786,0.299677477795761,0,0.000103600003058091
8,2,3,-0.0513579027045786,0.299677477795761,0,0.000103099999250844
9,2,-3,-0.0630767607860293,0.330997721538374,0,0.000104300008388236
9,2,-2,-0.0630767607860293,0.330997721538374,0,0.000102799996966496
9,2,-1,-0.0630767607860293,0.330997721538374,0,0.000103900005342439
9,2,0,-0.0630767607860293,0.330997721538374,0,0.000104200007626787
9,2,1,-0.0630767607860293,0.330997721538374,0,0.000105300001450814
9,2,2,-0.0630767607860293,0.330997721538374,0,0.000107500003650784
9,2,3,-0.0630767607860293,0.330997721538374,0,8.89999937498942E-05
10,2,-3,-0.0754157272865636,0.360639400500907,0,8.56999977258965E-05
10,2,-2,-0.0754157272865636,0.360639400500907,0,8.54999962029979E-05
10,2,-1,-0.0754157272865636,0.360639400500907,0,8.76000121934339E-05
10,2,0,-0.0754157272865636,0.360639400500907,0,8.63999885041267E-05
10,2,1,-0.0754157272865636,0.360639400500907,0,8.51000077091157E-05
10,2,2,-0.0754157272865636,0.360639400500907,0,8.47000046633184E-05
10,2,3,-0.0754157272865636,0.360639400500907,0,8.51999939186499E-05
12,2,-3,-0.101364567514384,0.414947521957311,0,8.90000083018094E-05
12,2,-2,-0.101364567514384,0.414947521957311,0,9.0799992904067E-05
12,2,-1,-0.101364567514384,0.414947521957311,0,8.96000128705055E-05
12,2,0,-0.101364567514384,0.414947521957311,0,9.06999921426177E-05
12,2,1,-0.101364567514384,0.414947521957311,0,9.18000005185604E-05
12,2,2,-0.101364567514384,0.414947521957311,0,9.15999989956617E-05
12,2,3,-0.101364567514384,0.414947521957311,0,8.92999960342422E-05
14,2,-3,-0.128186798585373,0.46293021301499,0,9.00000013643876E-05
14,2,-2,-0.128186798585373,0.46293021301499,0,9.04000044101849E-05
14,2,-1,-0.128186798585373,0.46293021301499,0,9.00000013643876E-05
14,2,0,-0.128186798585373,0.46293021301499,0,8.99999868124723E-05
14,2,1,-0.128186798585373,0.46293021301499,0,8.96999990800396E-05
14,2,2,-0.128186798585373,0.46293021301499,0,9.90999978967011E-05
14,2,3,-0.128186798585373,0.46293021301499,0,9.20000020414591E-05
16,2,-3,-0.155121912574022,0.505130314743252,0,8.86999914655462E-05
16,2,-2,-0.155121912574022,0.505130314743252,0,8.95999983185902E-05
16,2,-1,-0.155121912574022,0.505130314743252,0,9.11999959498644E-05
16,2,0,-0.155121912574022,0.505130314743252,0,9.14999982342124E-05
16,2,1,-0.155121912574022,0.505130314743252,0,8.97999998414889E-05
16,2,2,-0.155121912574022,0.505130314743252,0,9.05000051716343E-05
16,2,3,-0.155121912574022,0.505130314743252,0,8.93999967956916E-05
18,2,-3,-0.181637075451823,0.542175901930905,0,8.89000075403601E-05
18,2,-2,-0.181637075451823,0.542175901930905,0,8.92999960342422E-05
18,2,-1,-0.181637075451823,0.542175901930905,0,8.99000006029382E-05
18,2,0,-0.181637075451823,0.542175901930905,0,8.86000052560121E-05
18,2,1,-0.181637075451823,0.542175901930905,0,8.97999998414889E-05
18,2,2,-0.181637075451823,0.542175901930905,0,8.93999967956916E-05
18,2,3,-0.181637075451823,0.542175901930905,0,9.02000028872863E-05
20,2,-3,-0.207381220437954,0.574699248475219,0,8.92999960342422E-05
20,2,-2,-0.207381220437954,0.574699248475219,0,8.92999960342422E-05
20,2,-1,-0.207381220437954,0.574699248475219,0,8.92999960342422E-05
20,2,0,-0.207381220437954,0.574699248475219,0,9.10000089788809E-05
20,2,1,-0.207381220437954,0.574699248475219,0,9.01000021258369E-05
20,2,2,-0.207381220437954,0.574699248475219,0,9.03000036487356E-05
20,2,3,-0.207381220437954,0.574699248475219,0,0.000100499994005077
0,3,-3,0,0,0,2.60000524576753E-06
0,3,-2,0,0,0,1.49999686982483E-06
0,3,-1,0,0,0,1.29999534692615E-06
0,3,0,0,0,0,1.30000989884138E-06
0,3,1,0,0,0,1.30000989884138E-06
0,3,2,0,0,0,1.29999534692615E-06
0,3,3,0,0,0,1.19999458547682E-06
0.5,3,-3,-0.000227687646753327,0.0202431697738159,0,8.07000033091754E-05
0.5,3,-2,-0.000227687646753327,0.0202431697738159,0,7.44999997550622E-05
0.5,3,-1,-0.000227687646753327,0.0202431697738159,0,7.10000022081658E-05
0.5,3,0,-0.000227687646753327,0.0202431697738159,0,6.90000015310943E-05
0.5,3,1,-0.000227687646753327,0.0202431697738159,0,7.21999967936426E-05
0.5,3,2,-0.000227687646753327,0.0202431697738159,0,6.98999938322231E-05
0.5,3,3,-0.000227687646753327,0.0202431697738159,0,6.86999992467463E-05
1,3,-3,-0.000909256542949444,0.0404454574686463,0,6.82000099914148E-05
1,3,-2,-0.000909256542949444,0.0404454574686463,0,6.81999954394996E-05
1,3,-1,-0.000909256542949444,0.0404454574686463,0,6.84999977238476E-05
1,3,0,-0.000909256542949444,0.0404454574686463,0,7.41999974707142E-05
1,3,1,-0.000909256542949444,0.0404454574686463,0,7.82999995863065E-05
1,3,2,-0.000909256542949444,0.0404454574686463,0,7.9399993410334E-05
1,3,3,-0.000909256542949444,0.0404454574686463,0,7.86000018706545E-05
2,3,-3,-0.00361337000519957,0.0805668018886488,0,7.85000011092052E-05
2,3,-2,-0.00361337000519957,0.0805668018886488,0,7.82999995863065E-05
2,3,-1,-0.00361337000519957,0.0805668018886488,0,7.85999873187393E-05
2,3,0,-0.00361337000519957,0.0805668018886488,0,7.91999918874353E-05
2,3,1,-0.00361337000519957,0.0805668018886488,0,0.000228300006710924
2,3,2,-0.00361337000519957,0.0805668018886488,0,0.000209300007554702
2,3,3,-0.00361337000519957,0.0805668018886488,0,0.000123099991469644
3,3,-3,-0.00804330662212892,0.120055225369055,0,0.000100500008556992
3,3,-2,-0.00804330662212892,0.120055225369055,0,8.61000007716939E-05
3,3,-1,-0.00804330662212892,0.120055225369055,0,8.56000115163624E-05
3,3,0,-0.00804330662212892,0.120055225369055,0,0.000121899996884167
3,3,1,-0.00804330662212892,0.120055225369055,0,9.23999905353412E-05
3,3,2,-0.00804330662212892,0.120055225369055,0,8.44000023789704E-05
3,3,3,-0.00804330662212892,0.120055225369055,0,8.3699997048825E-05
4,3,-3,-0.0140901338110262,0.158630731540375,0,8.3999999333173E-05
4,3,-2,-0.0140901338110262,0.158630731540375,0,8.27000039862469E-05
4,3,-1,-0.0140901338110262,0.158630731540375,0,8.28000047476962E-05
4,3,0,-0.0140901338110262,0.158630731540375,0,8.29000055091456E-05
4,3,1,-0.0140901338110262,0.158630731540375,0,8.2799990195781E-05
4,3,2,-0.0140901338110262,0.158630731540375,0,8.26000032247976E-05
4,3,3,-0.0140901338110262,0.158630731540375,0,8.23000009404495E-05
5,3,-3,-0.0216131582722817,0.196052432475612,0,8.84000037331134E-05
5,3,-2,-0.0216131582722817,0.196052432475612,0,8.77999991644174E-05
5,3,-1,-0.0216131582722817,0.196052432475612,0,8.82000022102147E-05
5,3,0,-0.0216131582722817,0.196052432475612,0,8.81000014487654E-05
5,3,1,-0.0216131582722817,0.196052432475612,0,8.81000014487654E-05
5,3,2,-0.0216131582722817,0.196052432475612,0,8.78999999258667E-05
5,3,3,-0.0216131582722817,0.196052432475612,0,8.81000014487654E-05
6,3,-3,-0.0304495159559137,0.232124870917994,0,8.83000029716641E-05
6,3,-2,-0.0304495159559137,0.232124870917994,0,8.95999983185902E-05
6,3,-1,-0.0304495159559137,0.232124870917994,0,8.78999999258667E-05
6,3,0,-0.0304495159559137,0.232124870917994,0,8.67000053403899E-05
6,3,1,-0.0304495159559137,0.232124870917994,0,8.60000000102446E-05
6,3,2,-0.0304495159559137,0.232124870917994,0,9.47999942582101E-05
6,3,3,-0.0304495159559137,0.232124870917994,0,8.60000000102446E-05
7,3,-3,-0.0404239725987347,0.266700305806085,0,8.50000069476664E-05
7,3,-2,-0.0404239725987347,0.266700305806085,0,8.47000046633184E-05
7,3,-1,-0.0404239725987347,0.266700305806085,0,8.6499989265576E-05
7,3,0,-0.0404239725987347,0.266700305806085,0,8.84000037331134E-05
7,3,1,-0.0404239725987347,0.266700305806085,0,0.000162900003488176
7,3,2,-0.0404239725987347,0.266700305806085,0,0.000176199988345616
7,3,3,-0.0404239725987347,0.266700305806085,0,0.000696599992807023
8,3,-3,-0.0513579027045786,0.299677477795761,0,0.000115100003313273
8,3,-2,-0.0513579027045786,0.299677477795761,0,0.000106499996036291
8,3,-1,-0.0513579027045786,0.299677477795761,0,0.000101900004665367
8,3,0,-0.0513579027045786,0.299677477795761,0,0.00010439999459777
8,3,1,-0.0513579027045786,0.299677477795761,0,0.000109899992821738
8,3,2,-0.0513579027045786,0.299677477795761,0,0.000104000006103888
8,3,3,-0.0513579027045786,0.299677477795761,0,0.000104700011434034
9,3,-3,-0.0630767607860293,0.330997721538374,0,0.000106100007542409
9,3,-2,-0.0630767607860293,0.330997721538374,0,0.000116800001705997
9,3,-1,-0.0630767607860293,0.330997721538374,0,0.000105899991467595
9,3,0,-0.0630767607860293,0.330997721538374,0,9.95000009424985E-05
9,3,1,-0.0630767607860293,0.330997721538374,0,0.000116800001705997
9,3,2,-0.0630767607860293,0.330997721538374,0,0.000119499993161298
9,3,3,-0.0630767607860293,0.330997721538374,0,0.000160199997480959
10,3,-3,-0.0754157272865636,0.360639400500907,0,0.000245400005951524
10,3,-2,-0.0754157272865636,0.360639400500907,0,0.000104199993074872
10,3,-1,-0.0754157272865636,0.360639400500907,0,9.35999996727333E-05
10,3,0,-0.0754157272865636,0.360639400500907,0,9.37000004341826E-05
10,3,1,-0.0754157272865636,0.360639400500907,0,9.27999935811386E-05
10,3,2,-0.0754157272865636,0.360639400500907,0,9.05000051716343E-05
10,3,3,-0.0754157272865636,0.360639400500907,0,0.000354399991920218
12,3,-3,-0.101364567514384,0.414947521957311,0,0.000109100001282059
12,3,-2,-0.101364567514384,0.414947521957311,0,9.91999986581504E-05
12,3,-1,-0.101364567514384,0.414947521957311,0,9.72999987425283E-05
12,3,0,-0.101364567514384,0.414947521957311,0,9.64999926509336E-05
12,3,1,-0.101364567514384,0.414947521957311,0,9.63999918894842E-05
12,3,2,-0.101364567514384,0.414947521957311,0,9.59000026341528E-05
12,3,3,-0.101364567514384,0.414947521957311,0,9.51999973040074E-05
14,3,-3,-0.128186798585373,0.46293021301499,0,9.52999980654568E-05
14,3,-2,-0.128186798585373,0.46293021301499,0,9.49000095715746E-05
14,3,-1,-0.128186798585373,0.46293021301499,0,9.44999919738621E-05
14,3,0,-0.128186798585373,0.46293021301499,0,9.44999919738621E-05
14,3,1,-0.128186798585373,0.46293021301499,0,9.5000010333024E-05
14,3,2,-0.128186798585373,0.46293021301499,0,9.54999995883554E-05
14,3,3,-0.128186798585373,0.46293021301499,0,9.48999950196594E-05
16,3,-3,-0.155121912574022,0.505130314743252,0,0.000104100006865337
16,3,-2,-0.155121912574022,0.505130314743252,0,9.59000026341528E-05
16,3,-1,-0.155121912574022,0.505130314743252,0,9.46999934967607E-05
16,3,0,-0.155121912574022,0.505130314743252,0,9.50999965425581E-05
16,3,1,-0.155121912574022,0.505130314743252,0,9.85000078799203E-05
16,3,2,-0.155121912574022,0.505130314743252,0,9.69999964581803E-05
16,3,3,-0.155121912574022,0.505130314743252,0,9.50999965425581E-05
18,3,-3,-0.181637075451823,0.542175901930905,0,9.46000072872266E-05
18,3,-2,-0.181637075451823,0.542175901930905,0,9.53999988269061E-05
18,3,-1,-0.181637075451823,0.542175901930905,0,9.46000072872266E-05
18,3,0,-0.181637075451823,0.542175901930905,0,9.46999934967607E-05
18,3,1,-0.181637075451823,0.542175901930905,0,9.50999965425581E-05
18,3,2,-0.181637075451823,0.542175901930905,0,9.44000057643279E-05
18,3,3,-0.181637075451823,0.542175901930905,0,9.42000042414293E-05
20,3,-3,-0.207381220437954,0.574699248475219,0,0.000196599998162128
20,3,-2,-0.207381220437954,0.574699248475219,0,9.52999980654568E-05
20,3,-1,-0.207381220437954,0.574699248475219,0,9.47999942582101E-05
20,3,0,-0.207381220437954,0.574699248475219,0,9.37000004341826E-05
20,3,1,-0.207381220437954,0.574699248475219,0,9.40000027185306E-05
20,3,2,-0.207381220437954,0.574699248475219,0,0.000103899990790524
20,3,3,-0.207381220437954,0.574699248475219,0,9.62000049185008E-05
0,4,-3,0,0,0,2.5000044843182E-06
0,4,-2,0,0,0,1.49999686982483E-06
0,4,-1,0,0,0,1.40001066029072E-06
0,4,0,0,0,0,1.39999610837549E-06
0,4,1,0,0,0,1.39999610837549E-06
0,4,2,0,0,0,1.30000989884138E-06
0,4,3,0,0,0,1.39999610837549E-06
0.5,4,-3,-0.000227687646753327,0.0202431697738159,0,8.23000009404495E-05
0.5,4,-2,-0.000227687646753327,0.0202431697738159,0,8.26000032247976E-05
0.5,4,-1,-0.000227687646753327,0.0202431697738159,0,8.38999985717237E-05
0.5,4,0,-0.000227687646753327,0.0202431697738159,0,8.55999969644472E-05
0.5,4,1,-0.000227687646753327,0.0202431697738159,0,8.29000055091456E-05
0.5,4,2,-0.000227687646753327,0.0202431697738159,0,8.23000009404495E-05
0.5,4,3,-0.000227687646753327,0.0202431697738159,0,8.3099992480129E-05
1,4,-3,-0.000909256542949444,0.0404454574686463,0,8.23000009404495E-05
1,4,-2,-0.000909256542949444,0.0404454574686463,0,8.23000009404495E-05
1,4,-1,-0.000909256542949444,0.0404454574686463,0,8.31000070320442E-05
1,4,0,-0.000909256542949444,0.0404454574686463,0,8.19999986561015E-05
1,4,1,-0.000909256542949444,0.0404454574686463,0,8.24000017018989E-05
1,4,2,-0.000909256542949444,0.0404454574686463,0,8.30000062705949E-05
1,4,3,-0.000909256542949444,0.0404454574686463,0,8.28999909572303E-05
2,4,-3,-0.00361337000519957,0.0805668018886488,0,8.29000055091456E-05
2,4,-2,-0.00361337000519957,0.0805668018886488,0,8.24000017018989E-05
2,4,-1,-0.00361337000519957,0.0805668018886488,0,8.24000017018989E-05
2,4,0,-0.00361337000519957,0.0805668018886488,0,8.29000055091456E-05
2,4,1,-0.00361337000519957,0.0805668018886488,0,8.28999909572303E-05
2,4,2,-0.00361337000519957,0.0805668018886488,0,8.25000024633482E-05
2,4,3,-0.00361337000519957,0.0805668018886488,0,8.23000009404495E-05
3,4,-3,-0.00804330662212892,0.120055225369055,0,8.20999994175509E-05
3,4,-2,-0.00804330662212892,0.120055225369055,0,9.20999882509932E-05
3,4,-1,-0.00804330662212892,0.120055225369055,0,8.26000032247976E-05
3,4,0,-0.00804330662212892,0.120055225369055,0,8.27000039862469E-05
3,4,1,-0.00804330662212892,0.120055225369055,0,8.24000017018989E-05
3,4,2,-0.00804330662212892,0.120055225369055,0,8.28000047476962E-05
3,4,3,-0.00804330662212892,0.120055225369055,0,0.0000822000001790002
4,4,-3,-0.0140901338110262,0.158630731540375,0,8.01999995019287E-05
4,4,-2,-0.0140901338110262,0.158630731540375,0,8.01999995019287E-05
4,4,-1,-0.0140901338110262,0.158630731540375,0,7.97999964561313E-05
4,4,0,-0.0140901338110262,0.158630731540375,0,7.94000079622492E-05
4,4,1,-0.0140901338110262,0.158630731540375,0,7.85000011092052E-05
4,4,2,-0.0140901338110262,0.158630731540375,0,7.92000064393506E-05
4,4,3,-0.0140901338110262,0.158630731540375,0,7.9399993410334E-05
5,4,-3,-0.0216131582722817,0.196052432475612,0,8.48000054247677E-05
5,4,-2,-0.0216131582722817,0.196052432475612,0,8.49999923957512E-05
5,4,-1,-0.0216131582722817,0.196052432475612,0,8.57999984873459E-05
5,4,0,-0.0216131582722817,0.196052432475612,0,8.87999922269955E-05
5,4,1,-0.0216131582722817,0.196052432475612,0,8.86000052560121E-05
5,4,2,-0.0216131582722817,0.196052432475612,0,8.88999929884449E-05
5,4,3,-0.0216131582722817,0.196052432475612,0,8.81000014487654E-05
6,4,-3,-0.0304495159559137,0.232124870917994,0,8.82000022102147E-05
6,4,-2,-0.0304495159559137,0.232124870917994,0,8.83000029716641E-05
6,4,-1,-0.0304495159559137,0.232124870917994,0,8.88000067789108E-05
6,4,0,-0.0304495159559137,0.232124870917994,0,9.68999956967309E-05
6,4,1,-0.0304495159559137,0.232124870917994,0,8.95999983185902E-05
6,4,2,-0.0304495159559137,0.232124870917994,0,8.85000044945628E-05
6,4,3,-0.0304495159559137,0.232124870917994,0,9.09000082174316E-05
7,4,-3,-0.0404239725987347,0.266700305806085,0,9.0499990619719E-05
7,4,-2,-0.0404239725987347,0.266700305806085,0,9.14999982342124E-05
7,4,-1,-0.0404239725987347,0.266700305806085,0,8.91999952727929E-05
7,4,0,-0.0404239725987347,0.266700305806085,0,8.91999952727929E-05
7,4,1,-0.0404239725987347,0.266700305806085,0,9.12000105017796E-05
7,4,2,-0.0404239725987347,0.266700305806085,0,8.93000105861574E-05
7,4,3,-0.0404239725987347,0.266700305806085,0,8.93999967956916E-05
8,4,-3,-0.0513579027045786,0.299677477795761,0,0.000298600003588945
8,4,-2,-0.0513579027045786,0.299677477795761,0,9.98000032268465E-05
8,4,-1,-0.0513579027045786,0.299677477795761,0,8.97999998414889E-05
8,4,0,-0.0513579027045786,0.299677477795761,0,8.71999945957214E-05
8,4,1,-0.0513579027045786,0.299677477795761,0,8.60000000102446E-05
8,4,2,-0.0513579027045786,0.299677477795761,0,8.55999969644472E-05
8,4,3,-0.0513579027045786,0.299677477795761,0,8.96999990800396E-05
9,4,-3,-0.0630767607860293,0.330997721538374,0,9.06000059330836E-05
9,4,-2,-0.0630767607860293,0.330997721538374,0,9.95000009424985E-05
9,4,-1,-0.0630767607860293,0.330997721538374,0,9.19000012800098E-05
9,4,0,-0.0630767607860293,0.330997721538374,0,8.92999960342422E-05
9,4,1,-0.0630767607860293,0.330997721538374,0,8.94999975571409E-05
9,4,2,-0.0630767607860293,0.330997721538374,0,9.11000097403303E-05
9,4,3,-0.0630767607860293,0.330997721538374,0,8.78999999258667E-05
10,4,-3,-0.0754157272865636,0.360639400500907,0,8.57999984873459E-05
10,4,-2,-0.0754157272865636,0.360639400500907,0,8.56999977258965E-05
10,4,-1,-0.0754157272865636,0.360639400500907,0,8.58999992487952E-05
10,4,0,-0.0754157272865636,0.360639400500907,0,8.52000084705651E-05
10,4,1,-0.0754157272865636,0.360639400500907,0,8.47999908728525E-05
10,4,2,-0.0754157272865636,0.360639400500907,0,8.47999908728525E-05
10,4,3,-0.0754157272865636,0.360639400500907,0,8.50000069476664E-05
12,4,-3,-0.101364567514384,0.414947521957311,0,9.0799992904067E-05
12,4,-2,-0.101364567514384,0.414947521957311,0,9.29000088945031E-05
12,4,-1,-0.101364567514384,0.414947521957311,0,0.000179900001967326
12,4,0,-0.101364567514384,0.414947521957311,0,9.48999950196594E-05
12,4,1,-0.101364567514384,0.414947521957311,0,9.47999942582101E-05
12,4,2,-0.101364567514384,0.414947521957311,0,9.4700008048676E-05
12,4,3,-0.101364567514384,0.414947521957311,0,9.40000027185306E-05
14,4,-3,-0.128186798585373,0.46293021301499,0,9.48999950196594E-05
14,4,-2,-0.128186798585373,0.46293021301499,0,0.000103600003058091
14,4,-1,-0.128186798585373,0.46293021301499,0,9.57000011112541E-05
14,4,0,-0.128186798585373,0.46293021301499,0,9.49999957811087E-05
14,4,1,-0.128186798585373,0.46293021301499,0,9.39999881666154E-05
14,4,2,-0.128186798585373,0.46293021301499,0,9.39000019570813E-05
14,4,3,-0.128186798585373,0.46293021301499,0,9.21000028029084E-05
16,4,-3,-0.155121912574022,0.505130314743252,0,8.95999983185902E-05
16,4,-2,-0.155121912574022,0.505130314743252,0,9.00000013643876E-05
16,4,-1,-0.155121912574022,0.505130314743252,0,9.07000066945329E-05
16,4,0,-0.155121912574022,0.505130314743252,0,9.07000066945329E-05
16,4,1,-0.155121912574022,0.505130314743252,0,9.05999913811684E-05
16,4,2,-0.155121912574022,0.505130314743252,0,9.03999898582697E-05
16,4,3,-0.155121912574022,0.505130314743252,0,8.99000006029382E-05
18,4,-3,-0.181637075451823,0.542175901930905,0,8.97999998414889E-05
18,4,-2,-0.181637075451823,0.542175901930905,0,8.93000105861574E-05
18,4,-1,-0.181637075451823,0.542175901930905,0,9.08999936655164E-05
18,4,0,-0.181637075451823,0.542175901930905,0,9.46000072872266E-05
18,4,1,-0.181637075451823,0.542175901930905,0,9.65999934123829E-05
18,4,2,-0.181637075451823,0.542175901930905,0,0.000122500001452863
18,4,3,-0.181637075451823,0.542175901930905,0,0.000430000000051223
20,4,-3,-0.207381220437954,0.574699248475219,0,0.00039929999911692
20,4,-2,-0.207381220437954,0.574699248475219,0,0.000109899992821738
20,4,-1,-0.207381220437954,0.574699248475219,0,0.000210900005185977
20,4,0,-0.207381220437954,0.574699248475219,0,0.000135399997816421
20,4,1,-0.207381220437954,0.574699248475219,0,0.000117699994007126
20,4,2,-0.207381220437954,0.574699248475219,0,0.000113700007204898
20,4,3,-0.207381220437954,0.574699248475219,0,0.000112899986561388
0,5,-3,0,0,0,3.10000905301422E-06
0,5,-2,0,0,0,1.6999983927235E-06
0,5,-1,0,0,0,1.60001218318939E-06
0,5,0,0,0,0,1.39999610837549E-06
0,5,1,0,0,0,1.60001218318939E-06
0,5,2,0,0,0,1.49999686982483E-06
0,5,3,0,0,0,1.39999610837549E-06
0.5,5,-3,-0.000227687646753327,0.0202431697738159,0,9.67000087257475E-05
0.5,5,-2,-0.000227687646753327,0.0202431697738159,0,8.89000075403601E-05
0.5,5,-1,-0.000227687646753327,0.0202431697738159,0,8.53999954415485E-05
0.5,5,0,-0.000227687646753327,0.0202431697738159,0,8.52000084705651E-05
0.5,5,1,-0.000227687646753327,0.0202431697738159,0,8.49999923957512E-05
0.5,5,2,-0.000227687646753327,0.0202431697738159,0,8.3099992480129E-05
0.5,5,3,-0.000227687646753327,0.0202431697738159,0,8.42000008560717E-05
1,5,-3,-0.000909256542949444,0.0404454574686463,0,8.33000085549429E-05
1,5,-2,-0.000909256542949444,0.0404454574686463,0,8.26000032247976E-05
1,5,-1,-0.000909256542949444,0.0404454574686463,0,8.2799990195781E-05
1,5,0,-0.000909256542949444,0.0404454574686463,0,9.33000119403005E-05
1,5,1,-0.000909256542949444,0.0404454574686463,0,8.42999870656058E-05
1,5,2,-0.000909256542949444,0.0404454574686463,0,8.28999909572303E-05
1,5,3,-0.000909256542949444,0.0404454574686463,0,8.29000055091456E-05
2,5,-3,-0.00361337000519957,0.0805668018886488,0,8.29999917186797E-05
2,5,-2,-0.00361337000519957,0.0805668018886488,0,8.2499987911433E-05
2,5,-1,-0.00361337000519957,0.0805668018886488,0,8.26000032247976E-05
2,5,0,-0.00361337000519957,0.0805668018886488,0,8.24000017018989E-05
2,5,1,-0.00361337000519957,0.0805668018886488,0,8.24000017018989E-05
2,5,2,-0.00361337000519957,0.0805668018886488,0,8.29000055091456E-05
2,5,3,-0.00361337000519957,0.0805668018886488,0,8.24000017018989E-05
3,5,-3,-0.00804330662212892,0.120055225369055,0,8.24000017018989E-05
3,5,-2,-0.00804330662212892,0.120055225369055,0,8.25000024633482E-05
3,5,-1,-0.00804330662212892,0.120055225369055,0,8.23000009404495E-05
3,5,0,-0.00804330662212892,0.120055225369055,0,8.30000062705949E-05
3,5,1,-0.00804330662212892,0.120055225369055,0,8.31999932415783E-05
3,5,2,-0.00804330662212892,0.120055225369055,0,8.27000039862469E-05
3,5,3,-0.00804330662212892,0.120055225369055,0,0.0000822000001790002
4,5,-3,-0.0140901338110262,0.158630731540375,0,0.0000822000001790002
4,5,-2,-0.0140901338110262,0.158630731540375,0,8.37999978102744E-05
4,5,-1,-0.0140901338110262,0.158630731540375,0,8.20000132080168E-05
4,5,0,-0.0140901338110262,0.158630731540375,0,8.09999910416082E-05
4,5,1,-0.0140901338110262,0.158630731540375,0,7.97000102465972E-05
4,5,2,-0.0140901338110262,0.158630731540375,0,8.04000010248274E-05
4,5,3,-0.0140901338110262,0.158630731540375,0,8.86999914655462E-05
5,5,-3,-0.0216131582722817,0.196052432475612,0,8.63000022945926E-05
5,5,-2,-0.0216131582722817,0.196052432475612,0,8.46000039018691E-05
5,5,-1,-0.0216131582722817,0.196052432475612,0,8.49000061862171E-05
5,5,0,-0.0216131582722817,0.196052432475612,0,8.48000054247677E-05
5,5,1,-0.0216131582722817,0.196052432475612,0,8.54999962029979E-05
5,5,2,-0.0216131582722817,0.196052432475612,0,8.48000054247677E-05
5,5,3,-0.0216131582722817,0.196052432475612,0,8.49999923957512E-05
6,5,-3,-0.0304495159559137,0.232124870917994,0,9.04000044101849E-05
6,5,-2,-0.0304495159559137,0.232124870917994,0,8.95999983185902E-05
6,5,-1,-0.0304495159559137,0.232124870917994,0,8.89000075403601E-05
6,5,0,-0.0304495159559137,0.232124870917994,0,8.81000014487654E-05
6,5,1,-0.0304495159559137,0.232124870917994,0,8.89999937498942E-05
6,5,2,-0.0304495159559137,0.232124870917994,0,8.80000006873161E-05
6,5,3,-0.0304495159559137,0.232124870917994,0,8.85000044945628E-05
7,5,-3,-0.0404239725987347,0.266700305806085,0,8.83000029716641E-05
7,5,-2,-0.0404239725987347,0.266700305806085,0,8.84000037331134E-05
7,5,-1,-0.0404239725987347,0.266700305806085,0,8.81999876582995E-05
7,5,0,-0.0404239725987347,0.266700305806085,0,0.000180199989699759
7,5,1,-0.0404239725987347,0.266700305806085,0,9.29999951040372E-05
7,5,2,-0.0404239725987347,0.266700305806085,0,8.98000143934041E-05
7,5,3,-0.0404239725987347,0.266700305806085,0,9.76999872364104E-05
8,5,-3,-0.0513579027045786,0.299677477795761,0,8.94000113476068E-05
8,5,-2,-0.0513579027045786,0.299677477795761,0,8.87999922269955E-05
8,5,-1,-0.0513579027045786,0.299677477795761,0,8.86000052560121E-05
8,5,0,-0.0513579027045786,0.299677477795761,0,8.88000067789108E-05
8,5,1,-0.0513579027045786,0.299677477795761,0,8.84999899426475E-05
8,5,2,-0.0513579027045786,0.299677477795761,0,8.83000029716641E-05
8,5,3,-0.0513579027045786,0.299677477795761,0,8.84000037331134E-05
9,5,-3,-0.0630767607860293,0.330997721538374,0,8.84000037331134E-05
9,5,-2,-0.0630767607860293,0.330997721538374,0,9.10999951884151E-05
9,5,-1,-0.0630767607860293,0.330997721538374,0,8.93000105861574E-05
9,5,0,-0.0630767607860293,0.330997721538374,0,8.86999914655462E-05
9,5,1,-0.0630767607860293,0.330997721538374,0,8.85000044945628E-05
9,5,2,-0.0630767607860293,0.330997721538374,0,8.84000037331134E-05
9,5,3,-0.0630767607860293,0.330997721538374,0,8.83999891811982E-05
10,5,-3,-0.0754157272865636,0.360639400500907,0,8.86000052560121E-05
10,5,-2,-0.0754157272865636,0.360639400500907,0,8.77999991644174E-05
10,5,-1,-0.0754157272865636,0.360639400500907,0,8.85000044945628E-05
10,5,0,-0.0754157272865636,0.360639400500907,0,9.02000028872863E-05
10,5,1,-0.0754157272865636,0.360639400500907,0,9.03000036487356E-05
10,5,2,-0.0754157272865636,0.360639400500907,0,8.83999891811982E-05
10,5,3,-0.0754157272865636,0.360639400500907,0,8.85000044945628E-05
12,5,-3,-0.101364567514384,0.414947521957311,0,0.000103800004580989
12,5,-2,-0.101364567514384,0.414947521957311,0,9.61999903665856E-05
12,5,-1,-0.101364567514384,0.414947521957311,0,0.000230499994358979
12,5,0,-0.101364567514384,0.414947521957311,0,0.000128600004245527
12,5,1,-0.101364567514384,0.414947521957311,0,0.000557699997443706
12,5,2,-0.101364567514384,0.414947521957311,0,0.000191500002983958
12,5,3,-0.101364567514384,0.414947521957311,0,0.000109299988253042
14,5,-3,-0.128186798585373,0.46293021301499,0,0.000100400007795542
14,5,-2,-0.128186798585373,0.46293021301499,0,9.68999956967309E-05
14,5,-1,-0.128186798585373,0.46293021301499,0,9.81999910436571E-05
14,5,0,-0.128186798585373,0.46293021301499,0,9.74999857135117E-05
14,5,1,-0.128186798585373,0.46293021301499,0,9.59999888436869E-05
14,5,2,-0.128186798585373,0.46293021301499,0,9.63000056799501E-05
14,5,3,-0.128186798585373,0.46293021301499,0,0.000103999991551973
16,5,-3,-0.155121912574022,0.505130314743252,0,9.61000041570514E-05
16,5,-2,-0.155121912574022,0.505130314743252,0,9.4700008048676E-05
16,5,-1,-0.155121912574022,0.505130314743252,0,9.44999919738621E-05
16,5,0,-0.155121912574022,0.505130314743252,0,9.42000042414293E-05
16,5,1,-0.155121912574022,0.505130314743252,0,9.56000003498048E-05
16,5,2,-0.155121912574022,0.505130314743252,0,0.00017630000365898
16,5,3,-0.155121912574022,0.505130314743252,0,0.000123100006021559
18,5,-3,-0.181637075451823,0.542175901930905,0,0.0001133000041591
18,5,-2,-0.181637075451823,0.542175901930905,0,0.000113599991891533
18,5,-1,-0.181637075451823,0.542175901930905,0,0.000111400004243478
18,5,0,-0.181637075451823,0.542175901930905,0,0.00011120000272058
18,5,1,-0.181637075451823,0.542175901930905,0,0.000352699993527494
18,5,2,-0.181637075451823,0.542175901930905,0,0.000134799993247725
18,5,3,-0.181637075451823,0.542175901930905,0,0.000108599997474812
20,5,-3,-0.207381220437954,0.574699248475219,0,0.00010959999053739
20,5,-2,-0.207381220437954,0.574699248475219,0,9.77000017883256E-05
20,5,-1,-0.207381220437954,0.574699248475219,0,9.18000005185604E-05
20,5,0,-0.207381220437954,0.574699248475219,0,9.13999974727631E-05
20,5,1,-0.207381220437954,0.574699248475219,0,9.08000074559823E-05
20,5,2,-0.207381220437954,0.574699248475219,0,9.33999981498346E-05
20,5,3,-0.207381220437954,0.574699248475219,0,9.46999934967607E-05
0,10,-3,0,0,0,3.00000829156488E-06
0,10,-2,0,0,0,1.49999686982483E-06
0,10,-1,0,0,0,1.39999610837549E-06
0,10,0,0,0,0,1.30000989884138E-06
0,10,1,0,0,0,1.39999610837549E-06
0,10,2,0,0,0,1.30000989884138E-06
0,10,3,0,0,0,1.39999610837549E-06
0.5,10,-3,-0.000227687646753327,0.0202431697738159,0,8.6499989265576E-05
0.5,10,-2,-0.000227687646753327,0.0202431697738159,0,8.45000031404197E-05
0.5,10,-1,-0.000227687646753327,0.0202431697738159,0,8.32000077934936E-05
0.5,10,0,-0.000227687646753327,0.0202431697738159,0,8.31999932415783E-05
0.5,10,1,-0.000227687646753327,0.0202431697738159,0,8.36000108392909E-05
0.5,10,2,-0.000227687646753327,0.0202431697738159,0,8.27000039862469E-05
0.5,10,3,-0.000227687646753327,0.0202431697738159,0,8.31999932415783E-05
1,10,-3,-0.000909256542949444,0.0404454574686463,0,8.35000100778416E-05
1,10,-2,-0.000909256542949444,0.0404454574686463,0,8.31999932415783E-05
1,10,-1,-0.000909256542949444,0.0404454574686463,0,8.29000055091456E-05
1,10,0,-0.000909256542949444,0.0404454574686463,0,8.28999909572303E-05
1,10,1,-0.000909256542949444,0.0404454574686463,0,9.26999928196892E-05
1,10,2,-0.000909256542949444,0.0404454574686463,0,8.45000031404197E-05
1,10,3,-0.000909256542949444,0.0404454574686463,0,8.26000032247976E-05
2,10,-3,-0.00361337000519957,0.0805668018886488,0,8.3399994764477E-05
2,10,-2,-0.00361337000519957,0.0805668018886488,0,8.32000077934936E-05
2,10,-1,-0.00361337000519957,0.0805668018886488,0,8.3699997048825E-05
2,10,0,-0.00361337000519957,0.0805668018886488,0,7.98999972175807E-05
2,10,1,-0.00361337000519957,0.0805668018886488,0,7.97000102465972E-05
2,10,2,-0.00361337000519957,0.0805668018886488,0,7.98999972175807E-05
2,10,3,-0.00361337000519957,0.0805668018886488,0,7.94999941717833E-05
3,10,-3,-0.00804330662212892,0.120055225369055,0,7.9399993410334E-05
3,10,-2,-0.00804330662212892,0.120055225369055,0,7.94000079622492E-05
3,10,-1,-0.00804330662212892,0.120055225369055,0,7.999999797903E-05
3,10,0,-0.00804330662212892,0.120055225369055,0,8.04000010248274E-05
3,10,1,-0.00804330662212892,0.120055225369055,0,7.97999964561313E-05
3,10,2,-0.00804330662212892,0.120055225369055,0,0.000188000005437061
3,10,3,-0.00804330662212892,0.120055225369055,0,8.35999962873757E-05
4,10,-3,-0.0140901338110262,0.158630731540375,0,8.29000055091456E-05
4,10,-2,-0.0140901338110262,0.158630731540375,0,8.2799990195781E-05
4,10,-1,-0.0140901338110262,0.158630731540375,0,8.28000047476962E-05
4,10,0,-0.0140901338110262,0.158630731540375,0,8.25000024633482E-05
4,10,1,-0.0140901338110262,0.158630731540375,0,8.28000047476962E-05
4,10,2,-0.0140901338110262,0.158630731540375,0,8.24000017018989E-05
4,10,3,-0.0140901338110262,0.158630731540375,0,0.00010669999755919
5,10,-3,-0.0216131582722817,0.196052432475612,0,0.000145400001201779
5,10,-2,-0.0216131582722817,0.196052432475612,0,0.000166300000273623
5,10,-1,-0.0216131582722817,0.196052432475612,0,0.000414800000726245
5,10,0,-0.0216131582722817,0.196052432475612,0,0.000107899992144667
5,10,1,-0.0216131582722817,0.196052432475612,0,0.000106899999082088
5,10,2,-0.0216131582722817,0.196052432475612,0,0.000101400000858121
5,10,3,-0.0216131582722817,0.196052432475612,0,9.61999903665856E-05
6,10,-3,-0.0304495159559137,0.232124870917994,0,0.000447700003860518
6,10,-2,-0.0304495159559137,0.232124870917994,0,0.000101900004665367
6,10,-1,-0.0304495159559137,0.232124870917994,0,9.43999912124127E-05
6,10,0,-0.0304495159559137,0.232124870917994,0,0.000104500009911135
6,10,1,-0.0304495159559137,0.232124870917994,0,0.000130999993416481
6,10,2,-0.0304495159559137,0.232124870917994,0,0.000174399989191443
6,10,3,-0.0304495159559137,0.232124870917994,0,9.80000040726736E-05
7,10,-3,-0.0404239725987347,0.266700305806085,0,9.16999997571111E-05
7,10,-2,-0.0404239725987347,0.266700305806085,0,0.000106299994513392
7,10,-1,-0.0404239725987347,0.266700305806085,0,0.000114299997221679
7,10,0,-0.0404239725987347,0.266700305806085,0,9.59000026341528E-05
7,10,1,-0.0404239725987347,0.266700305806085,0,9.49000095715746E-05
7,10,2,-0.0404239725987347,0.266700305806085,0,9.19000012800098E-05
7,10,3,-0.0404239725987347,0.266700305806085,0,9.10999951884151E-05
8,10,-3,-0.0513579027045786,0.299677477795761,0,9.07000066945329E-05
8,10,-2,-0.0513579027045786,0.299677477795761,0,9.03000036487356E-05
8,10,-1,-0.0513579027045786,0.299677477795761,0,8.97999998414889E-05
8,10,0,-0.0513579027045786,0.299677477795761,0,9.00000013643876E-05
8,10,1,-0.0513579027045786,0.299677477795761,0,9.05999913811684E-05
8,10,2,-0.0513579027045786,0.299677477795761,0,8.97999998414889E-05
8,10,3,-0.0513579027045786,0.299677477795761,0,9.03999898582697E-05
9,10,-3,-0.0630767607860293,0.330997721538374,0,8.88000067789108E-05
9,10,-2,-0.0630767607860293,0.330997721538374,0,8.88000067789108E-05
9,10,-1,-0.0630767607860293,0.330997721538374,0,9.24000050872564E-05
9,10,0,-0.0630767607860293,0.330997721538374,0,9.03000036487356E-05
9,10,1,-0.0630767607860293,0.330997721538374,0,8.99000006029382E-05
9,10,2,-0.0630767607860293,0.330997721538374,0,8.84000037331134E-05
9,10,3,-0.0630767607860293,0.330997721538374,0,9.84999933280051E-05
10,10,-3,-0.0754157272865636,0.360639400500907,0,8.97999998414889E-05
10,10,-2,-0.0754157272865636,0.360639400500907,0,8.80000006873161E-05
10,10,-1,-0.0754157272865636,0.360639400500907,0,8.90000083018094E-05
10,10,0,-0.0754157272865636,0.360639400500907,0,8.83000029716641E-05
10,10,1,-0.0754157272865636,0.360639400500907,0,8.83999891811982E-05
10,10,2,-0.0754157272865636,0.360639400500907,0,8.89000075403601E-05
10,10,3,-0.0754157272865636,0.360639400500907,0,8.84000037331134E-05
12,10,-3,-0.101364567514384,0.414947521957311,0,9.50999965425581E-05
12,10,-2,-0.101364567514384,0.414947521957311,0,9.45000065257773E-05
12,10,-1,-0.101364567514384,0.414947521957311,0,9.40000027185306E-05
12,10,0,-0.101364567514384,0.414947521957311,0,9.45999927353114E-05
12,10,1,-0.101364567514384,0.414947521957311,0,9.4700008048676E-05
12,10,2,-0.101364567514384,0.414947521957311,0,9.39000019570813E-05
12,10,3,-0.101364567514384,0.414947521957311,0,9.47999942582101E-05
14,10,-3,-0.128186798585373,0.46293021301499,0,9.50999965425581E-05
14,10,-2,-0.128186798585373,0.46293021301499,0,9.44999919738621E-05
14,10,-1,-0.128186798585373,0.46293021301499,0,9.45000065257773E-05
14,10,0,-0.128186798585373,0.46293021301499,0,9.54999995883554E-05
14,10,1,-0.128186798585373,0.46293021301499,0,9.24000050872564E-05
14,10,2,-0.128186798585373,0.46293021301499,0,9.14999982342124E-05
14,10,3,-0.128186798585373,0.46293021301499,0,9.06000059330836E-05
16,10,-3,-0.155121912574022,0.505130314743252,0,0.000100399993243627
16,10,-2,-0.155121912574022,0.505130314743252,0,9.20000020414591E-05
16,10,-1,-0.155121912574022,0.505130314743252,0,9.26000066101551E-05
16,10,0,-0.155121912574022,0.505130314743252,0,9.43000050028786E-05
16,10,1,-0.155121912574022,0.505130314743252,0,9.42999904509634E-05
16,10,2,-0.155121912574022,0.505130314743252,0,9.42000042414293E-05
16,10,3,-0.155121912574022,0.505130314743252,0,9.42000042414293E-05
18,10,-3,-0.181637075451823,0.542175901930905,0,9.50999965425581E-05
18,10,-2,-0.181637075451823,0.542175901930905,0,9.46000072872266E-05
18,10,-1,-0.181637075451823,0.542175901930905,0,9.28999943425879E-05
18,10,0,-0.181637075451823,0.542175901930905,0,0.00012820000119973
18,10,1,-0.181637075451823,0.542175901930905,0,0.000119300006190315
18,10,2,-0.181637075451823,0.542175901930905,0,0.000112299996544607
18,10,3,-0.181637075451823,0.542175901930905,0,0.000112099995021708
20,10,-3,-0.207381220437954,0.574699248475219,0,0.000112399997306056
20,10,-2,-0.207381220437954,0.574699248475219,0,0.000122800003737211
20,10,-1,-0.207381220437954,0.574699248475219,0,0.000112199995783158
20,10,0,-0.207381220437954,0.574699248475219,0,0.00011189999349881
20,10,1,-0.207381220437954,0.574699248475219,0,0.000105200000689365
20,10,2,-0.207381220437954,0.574699248475219,0,9.72999987425283E-05
20,10,3,-0.207381220437954,0.574699248475219,0,9.29999951040372E-05
